"","samples","tissue","stage","sex","day","treatment","day_description"
"1","L-Blu13_male_gonad_control.NYNO_kallisto_out","gonad","control","male",0,"normal","control"
"2","L-Blu13_male_hypothalamus_control.NYNO_kallisto_out","hypo","control","male",0,"normal","control"
"3","L-Blu13_male_pituitary_control.NYNO_kallisto_out","pit","control","male",0,"normal","control"
"4","L-G107_male_gonad_control_kallisto_out","gonad","control","male",0,"normal","control"
"5","L-G107_male_hypothalamus_control_kallisto_out","hypo","control","male",0,"normal","control"
"6","L-G107_male_pituitary_control_kallisto_out","pit","control","male",0,"normal","control"
"7","L-G118_female_gonad_control_kallisto_out","gonad","control","female",0,"normal","control"
"8","L-G118_female_hypothalamus_control.NYNO_kallisto_out","hypo","control","female",0,"normal","control"
"9","L-G118_female_pituitary_control.NYNO_kallisto_out","pit","control","female",0,"normal","control"
"10","L-R3_male_gonad_control.NYNO_kallisto_out","gonad","control","male",0,"normal","control"
"11","L-R3_male_hypothalamus_control_kallisto_out","hypo","control","male",0,"normal","control"
"12","L-R3_male_pituitary_control.NYNO_kallisto_out","pit","control","male",0,"normal","control"
"13","L-R8_male_gonad_control_kallisto_out","gonad","control","male",0,"normal","control"
"14","L-R8_male_hypothalamus_control_kallisto_out","hypo","control","male",0,"normal","control"
"15","L-R8_male_pituitary_control_kallisto_out","pit","control","male",0,"normal","control"
"16","L-W33_male_gonad_control_kallisto_out","gonad","control","male",0,"normal","control"
"17","L-W33_male_hypothalamus_control.NYNO_kallisto_out","hypo","control","male",0,"normal","control"
"18","L-W33_male_pituitary_control_kallisto_out","pit","control","male",0,"normal","control"
"19","L-W3_male_gonad_control.NYNO_kallisto_out","gonad","control","male",0,"normal","control"
"20","L-W3_male_hypothalamus_control_kallisto_out","hypo","control","male",0,"normal","control"
"21","L-W3_male_pituitary_control_kallisto_out","pit","control","male",0,"normal","control"
"22","L-W4_male_gonad_control.NYNO_kallisto_out","gonad","control","male",0,"normal","control"
"23","L-W4_male_hypothalamus_control_kallisto_out","hypo","control","male",0,"normal","control"
"24","L-W4_male_pituitary_control_kallisto_out","pit","control","male",0,"normal","control"
"25","R-G106_female_gonad_control_kallisto_out","gonad","control","female",0,"normal","control"
"26","R-G106_female_hypothalamus_control_kallisto_out","hypo","control","female",0,"normal","control"
"27","R-G106_female_pituitary_control_kallisto_out","pit","control","female",0,"normal","control"
"28","R-R20_female_gonad_control_kallisto_out","gonad","control","female",0,"normal","control"
"29","R-R20_female_hypothalamus_control.NYNO_kallisto_out","hypo","control","female",0,"normal","control"
"30","R-R20_female_pituitary_control_kallisto_out","pit","control","female",0,"normal","control"
"31","R-R9_female_gonad_control_kallisto_out","gonad","control","female",0,"normal","control"
"32","R-R9_female_hypothalamus_control_kallisto_out","hypo","control","female",0,"normal","control"
"33","R-R9_female_pituitary_control.NYNO_kallisto_out","pit","control","female",0,"normal","control"
"34","R-W44_female_gonad_control_kallisto_out","gonad","control","female",0,"normal","control"
"35","R-W44_female_hypothalamus_control_kallisto_out","hypo","control","female",0,"normal","control"
"36","R-W44_female_pituitary_control.NYNO_kallisto_out","pit","control","female",0,"normal","control"
"37","R-Y108-W29_male_gonad_control_kallisto_out","gonad","control","male",0,"normal","control"
"38","R-Y108-W29_male_hypothalamus_control.NYNO_kallisto_out","hypo","control","male",0,"normal","control"
"39","R-Y108-W29_male_pituitary_control_kallisto_out","pit","control","male",0,"normal","control"
"40","blu-o-x-ATLAS_female_gonad_control_kallisto_out","gonad","control","female",0,"normal","control"
"41","blu-o-x-ATLAS_female_hypothalamus_control_kallisto_out","hypo","control","female",0,"normal","control"
"42","blu-o-x-ATLAS_female_pituitary_control_kallisto_out","pit","control","female",0,"normal","control"
"43","g-x-ATLAS_female_gonad_control_kallisto_out","gonad","control","female",0,"normal","control"
"44","r-r-x-ATLAS-R2XR_female_gonad_control_kallisto_out","gonad","control","female",0,"normal","control"
"45","r-r-x-ATLAS-R2XR_female_hypothalamus_control_kallisto_out","hypo","control","female",0,"normal","control"
"46","r-r-x-ATLAS-R2XR_female_pituitary_control_kallisto_out","pit","control","female",0,"normal","control"
"47","r-r-x-ATLAS_female_gonad_control_kallisto_out","gonad","control","female",0,"normal","control"
"48","r-r-x-ATLAS_female_hypothalamus_control_kallisto_out","hypo","control","female",0,"normal","control"
"49","r-r-x-ATLAS_female_pituitary_control_kallisto_out","pit","control","female",0,"normal","control"
"50","r6-x_female_gonad_control.NYNO_kallisto_out","gonad","control","female",0,"normal","control"
"51","r6-x_female_hypothalamus_control.NYNO_kallisto_out","hypo","control","female",0,"normal","control"
"52","r6-x_female_pituitary_control_kallisto_out","pit","control","female",0,"normal","control"
"53","s-x-ATLAS_female_gonad_control_kallisto_out","gonad","control","female",0,"normal","control"
"54","s-x-ATLAS_female_hypothalamus_control_kallisto_out","hypo","control","female",0,"normal","control"
"55","s-x-ATLAS_female_pituitary_control_kallisto_out","pit","control","female",0,"normal","control"
"56","w191-r1_female_gonad_control_kallisto_out","gonad","control","female",0,"normal","control"
"57","w191-r1_female_hypothalamus_control_kallisto_out","hypo","control","female",0,"normal","control"
"58","w191-r1_female_pituitary_control_kallisto_out","pit","control","female",0,"normal","control"
"59","x-blk-blk-ATLAS_male_gonad_control_kallisto_out","gonad","control","male",0,"normal","control"
"60","x-blk-blk-ATLAS_male_hypothalamus_control_kallisto_out","hypo","control","male",0,"normal","control"
"61","x-blk-blk-ATLAS_male_pituitary_control_kallisto_out","pit","control","male",0,"normal","control"
"62","x-blu-o-ATLAS_male_pituitary_control_kallisto_out","pit","control","male",0,"normal","control"
"63","x-g-ATLAS_male_gonad_control_kallisto_out","gonad","control","male",0,"normal","control"
"64","x-g-ATLAS_male_hypothalamus_control_kallisto_out","hypo","control","male",0,"normal","control"
"65","x-g-ATLAS_male_pituitary_control_kallisto_out","pit","control","male",0,"normal","control"
"66","x-g-g-ATLAS_female_gonad_control_kallisto_out","gonad","control","female",0,"normal","control"
"67","x-g-g-ATLAS_male_gonad_control_kallisto_out","gonad","control","male",0,"normal","control"
"68","x-g-g-ATLAS_male_hypothalamus_control_kallisto_out","hypo","control","male",0,"normal","control"
"69","x-g-g-ATLAS_male_pituitary_control_kallisto_out","pit","control","male",0,"normal","control"
"70","x-g-g-g-ATLAS_male_gonad_control_kallisto_out","gonad","control","male",0,"normal","control"
"71","x-g-g-g-ATLAS_male_pituitary_control_kallisto_out","pit","control","male",0,"normal","control"
"72","x-y-s-ATLAS_male_gonad_control_kallisto_out","gonad","control","male",0,"normal","control"
"73","x-y-s-ATLAS_male_pituitary_control_kallisto_out","pit","control","male",0,"normal","control"
"74","blk-s030-o-g_male_gonad_prolong_kallisto_out","gonad","prolong","male",21,"manipulate","D20"
"75","blk-s030-o-g_male_hypothalamus_prolong_kallisto_out","hypo","prolong","male",21,"manipulate","D20"
"76","blk-s030-o-g_male_pituitary_prolong_kallisto_out","pit","prolong","male",21,"manipulate","D20"
"77","blk-s031-pu-d_female_gonad_prolong_kallisto_out","gonad","prolong","female",21,"manipulate","D20"
"78","blk-s031-pu-d_female_hypothalamus_prolong_kallisto_out","hypo","prolong","female",21,"manipulate","D20"
"79","blk-s031-pu-d_female_pituitary_prolong_kallisto_out","pit","prolong","female",21,"manipulate","D20"
"80","blk-s032-g-w_female_gonad_m-hatch_kallisto_out","gonad","hatch","female",19,"manipulate","D18"
"81","blk-s032-g-w_female_hypothalamus_m-hatch_kallisto_out","hypo","hatch","female",19,"manipulate","D18"
"82","blk-s032-g-w_female_pituitary_m-hatch_kallisto_out","pit","hatch","female",19,"manipulate","D18"
"83","blk-s049-y-g_female_gonad_m-inc-d3_kallisto_out","gonad","inc","female",4,"manipulate","D3"
"84","blk-s049-y-g_female_hypothalamus_m-inc-d3_kallisto_out","hypo","inc","female",4,"manipulate","D3"
"85","blk-s049-y-g_female_pituitary_m-inc-d3_kallisto_out","pit","inc","female",4,"manipulate","D3"
"86","blk-s060-pu-w_female_gonad_m-inc-d3_kallisto_out","gonad","inc","female",4,"manipulate","D3"
"87","blk-s060-pu-w_female_hypothalamus_m-inc-d3_kallisto_out","hypo","inc","female",4,"manipulate","D3"
"88","blk-s060-pu-w_female_pituitary_m-inc-d3.NYNO_kallisto_out","pit","inc","female",4,"manipulate","D3"
"89","blk-s061-pu-y_female_gonad_inc-d9_kallisto_out","gonad","inc","female",10,"normal","D9"
"90","blk-s061-pu-y_female_hypothalamus_inc-d9_kallisto_out","hypo","inc","female",10,"normal","D9"
"91","blk-s061-pu-y_female_pituitary_inc-d9_kallisto_out","pit","inc","female",10,"normal","D9"
"92","blk-y-l-s109_female_gonad_m-inc-d8_kallisto_out","gonad","inc","female",9,"manipulate","D8"
"93","blk-y-l-s109_female_hypothalamus_m-inc-d8_kallisto_out","hypo","inc","female",9,"manipulate","D8"
"94","blk-y-l-s109_female_pituitary_m-inc-d8_kallisto_out","pit","inc","female",9,"manipulate","D8"
"95","blk0-x_female_gonad_m-n2_kallisto_out","gonad","mn2","female",22,"normal","D21"
"96","blk0-x_female_hypothalamus_m-n2_kallisto_out","hypo","mn2","female",22,"normal","D21"
"97","blk0-x_female_pituitary_m-n2_kallisto_out","pit","mn2","female",22,"normal","D21"
"98","blk11-x_female_gonad_bldg_kallisto_out","gonad","bldg","female",1,"normal","D0"
"99","blk11-x_female_hypothalamus_bldg_kallisto_out","hypo","bldg","female",1,"normal","D0"
"100","blk11-x_female_pituitary_bldg_kallisto_out","pit","bldg","female",1,"normal","D0"
"101","blk12-x_male_gonad_n5_kallisto_out","gonad","nestling5","male",24,"normal","D23"
"102","blk12-x_male_hypothalamus_n5.NYNO_kallisto_out","hypo","nestling5","male",24,"normal","D23"
"103","blk12-x_male_pituitary_n5_kallisto_out","pit","nestling5","male",24,"normal","D23"
"104","blk17-x_male_gonad_inc-d17_kallisto_out","gonad","inc","male",18,"normal","D17"
"105","blk17-x_male_hypothalamus_inc-d17_kallisto_out","hypo","inc","male",18,"normal","D17"
"106","blk17-x_male_pituitary_inc-d17_kallisto_out","pit","inc","male",18,"normal","D17"
"107","blk19-x_female_gonad_extend_kallisto_out","gonad","extend","female",31,"manipulate","D30"
"108","blk19-x_female_hypothalamus_extend_kallisto_out","hypo","extend","female",31,"manipulate","D30"
"109","blk19-x_female_pituitary_extend_kallisto_out","pit","extend","female",31,"manipulate","D30"
"110","blk21-x_female_gonad_hatch_kallisto_out","gonad","hatch","female",19,"normal","D18"
"111","blk21-x_female_hypothalamus_hatch_kallisto_out","hypo","hatch","female",19,"normal","D18"
"112","blk21-x_female_pituitary_hatch_kallisto_out","pit","hatch","female",19,"normal","D18"
"113","blk4-x_female_gonad_n9_kallisto_out","gonad","nestling9","female",28,"normal","D27"
"114","blk4-x_female_hypothalamus_n9_kallisto_out","hypo","nestling9","female",28,"normal","D27"
"115","blk4-x_female_pituitary_n9_kallisto_out","pit","nestling9","female",28,"normal","D27"
"116","blk5-x_male_gonad_m-inc-d3_kallisto_out","gonad","inc","male",4,"manipulate","D3"
"117","blk5-x_male_hypothalamus_m-inc-d3_kallisto_out","hypo","inc","male",4,"manipulate","D3"
"118","blk5-x_male_pituitary_m-inc-d3_kallisto_out","pit","inc","male",4,"manipulate","D3"
"119","blu10-w26-x_male_gonad_m-hatch_kallisto_out","gonad","hatch","male",19,"manipulate","D18"
"120","blu10-w26-x_male_hypothalamus_m-hatch_kallisto_out","hypo","hatch","male",19,"manipulate","D18"
"121","blu10-w26-x_male_pituitary_m-hatch_kallisto_out","pit","hatch","male",19,"manipulate","D18"
"122","blu103-x_female_gonad_hatch.NYNO_kallisto_out","gonad","hatch","female",19,"normal","D18"
"123","blu103-x_female_hypothalamus_hatch_kallisto_out","hypo","hatch","female",19,"normal","D18"
"124","blu103-x_female_pituitary_hatch.NYNO_kallisto_out","pit","hatch","female",19,"normal","D18"
"125","blu104-w120-x_male_gonad_hatch_kallisto_out","gonad","hatch","male",19,"normal","D18"
"126","blu104-w120-x_male_hypothalamus_hatch_kallisto_out","hypo","hatch","male",19,"normal","D18"
"127","blu104-w120-x_male_pituitary_hatch.NYNO_kallisto_out","pit","hatch","male",19,"normal","D18"
"128","blu108-w40-o158_male_gonad_inc-d9_kallisto_out","gonad","inc","male",10,"normal","D9"
"129","blu108-w40-o158_male_hypothalamus_inc-d9_kallisto_out","hypo","inc","male",10,"normal","D9"
"130","blu108-w40-o158_male_pituitary_inc-d9_kallisto_out","pit","inc","male",10,"normal","D9"
"131","blu111-w113-x_male_gonad_inc-d3_kallisto_out","gonad","inc","male",4,"normal","D3"
"132","blu111-w113-x_male_hypothalamus_inc-d3_kallisto_out","hypo","inc","male",4,"normal","D3"
"133","blu111-w113-x_male_pituitary_inc-d3_kallisto_out","pit","inc","male",4,"normal","D3"
"134","blu113-w124-x_male_gonad_inc-d17_kallisto_out","gonad","inc","male",18,"normal","D17"
"135","blu113-w124-x_male_hypothalamus_inc-d17_kallisto_out","hypo","inc","male",18,"normal","D17"
"136","blu113-w124-x_male_pituitary_inc-d17.NYNO_kallisto_out","pit","inc","male",18,"normal","D17"
"137","blu114-r38-w198_male_gonad_bldg_kallisto_out","gonad","bldg","male",1,"normal","D0"
"138","blu114-r38-w198_male_hypothalamus_bldg_kallisto_out","hypo","bldg","male",1,"normal","D0"
"139","blu114-r38-w198_male_pituitary_bldg_kallisto_out","pit","bldg","male",1,"normal","D0"
"140","blu115-y150-x_female_gonad_inc-prolong_kallisto_out","gonad","inc","female",21,"manipulate","D20"
"141","blu115-y150-x_female_hypothalamus_inc-prolong_kallisto_out","hypo","inc","female",21,"manipulate","D20"
"142","blu115-y150-x_female_pituitary_inc-prolong_kallisto_out","pit","inc","female",21,"manipulate","D20"
"143","blu119-w84-x_female_gonad_m-inc-d8_kallisto_out","gonad","inc","female",9,"manipulate","D8"
"144","blu119-w84-x_female_hypothalamus_m-inc-d8_kallisto_out","hypo","inc","female",9,"manipulate","D8"
"145","blu119-w84-x_female_pituitary_m-inc-d8_kallisto_out","pit","inc","female",9,"manipulate","D8"
"146","blu121-w91-x_male_gonad_inc-d17_kallisto_out","gonad","inc","male",18,"normal","D17"
"147","blu121-w91-x_male_hypothalamus_inc-d17_kallisto_out","hypo","inc","male",18,"normal","D17"
"148","blu121-w91-x_male_pituitary_inc-d17_kallisto_out","pit","inc","male",18,"normal","D17"
"149","blu124-w180-x_female_gonad_hatch_kallisto_out","gonad","hatch","female",19,"normal","D18"
"150","blu124-w180-x_female_hypothalamus_hatch_kallisto_out","hypo","hatch","female",19,"normal","D18"
"151","blu124-w180-x_female_pituitary_hatch_kallisto_out","pit","hatch","female",19,"normal","D18"
"152","blu33-y88-x_male_gonad_bldg_kallisto_out","gonad","bldg","male",1,"normal","D0"
"153","blu33-y88-x_male_hypothalamus_bldg_kallisto_out","hypo","bldg","male",1,"normal","D0"
"154","blu33-y88-x_male_pituitary_bldg_kallisto_out","pit","bldg","male",1,"normal","D0"
"155","blu36-w16_female_gonad_n9_kallisto_out","gonad","nestling9","female",28,"normal","D27"
"156","blu36-w16_female_hypothalamus_n9_kallisto_out","hypo","nestling9","female",28,"normal","D27"
"157","blu36-w16_female_pituitary_n9_kallisto_out","pit","nestling9","female",28,"normal","D27"
"158","blu37-r65-x_male_gonad_n5_kallisto_out","gonad","nestling5","male",24,"normal","D23"
"159","blu37-r65-x_male_hypothalamus_n5_kallisto_out","hypo","nestling5","male",24,"normal","D23"
"160","blu37-r65-x_male_pituitary_n5_kallisto_out","pit","nestling5","male",24,"normal","D23"
"161","blu38-g135-x_female_gonad_bldg_kallisto_out","gonad","bldg","female",1,"normal","D0"
"162","blu38-g135-x_female_hypothalamus_bldg_kallisto_out","hypo","bldg","female",1,"normal","D0"
"163","blu38-g135-x_female_pituitary_bldg_kallisto_out","pit","bldg","female",1,"normal","D0"
"164","blu39-o26-x_female_gonad_inc-d3_kallisto_out","gonad","inc","female",4,"normal","D3"
"165","blu39-o26-x_female_hypothalamus_inc-d3.NYNO_kallisto_out","hypo","inc","female",4,"normal","D3"
"166","blu39-o26-x_female_pituitary_inc-d3.NYNO_kallisto_out","pit","inc","female",4,"normal","D3"
"167","blu41-y100-x_male_gonad_n5_kallisto_out","gonad","nestling5","male",24,"normal","D23"
"168","blu41-y100-x_male_hypothalamus_n5.NYNO_kallisto_out","hypo","nestling5","male",24,"normal","D23"
"169","blu41-y100-x_male_pituitary_n5_kallisto_out","pit","nestling5","male",24,"normal","D23"
"170","blu44-y102_female_gonad_extend_kallisto_out","gonad","extend","female",31,"manipulate","D30"
"171","blu44-y102_female_hypothalamus_extend_kallisto_out","hypo","extend","female",31,"manipulate","D30"
"172","blu44-y102_female_pituitary_extend_kallisto_out","pit","extend","female",31,"manipulate","D30"
"173","blu47-y96-x_female_gonad_inc-d9_kallisto_out","gonad","inc","female",10,"normal","D9"
"174","blu47-y96-x_female_hypothalamus_inc-d9_kallisto_out","hypo","inc","female",10,"normal","D9"
"175","blu47-y96-x_female_pituitary_inc-d9_kallisto_out","pit","inc","female",10,"normal","D9"
"176","blu55-g51_female_gonad_n5_kallisto_out","gonad","nestling5","female",24,"normal","D23"
"177","blu55-g51_female_hypothalamus_n5_kallisto_out","hypo","nestling5","female",24,"normal","D23"
"178","blu55-g51_female_pituitary_n5_kallisto_out","pit","nestling5","female",24,"normal","D23"
"179","blu56-o53_female_gonad_m-inc-d3_kallisto_out","gonad","inc","female",4,"manipulate","D3"
"180","blu56-o53_female_hypothalamus_m-inc-d3_kallisto_out","hypo","inc","female",4,"manipulate","D3"
"181","blu56-o53_female_pituitary_m-inc-d3_kallisto_out","pit","inc","female",4,"manipulate","D3"
"182","blu63-g62_female_gonad_m-inc-d9_kallisto_out","gonad","inc","female",10,"manipulate","D9"
"183","blu63-g62_female_hypothalamus_m-inc-d9_kallisto_out","hypo","inc","female",10,"manipulate","D9"
"184","blu63-g62_female_pituitary_m-inc-d9_kallisto_out","pit","inc","female",10,"manipulate","D9"
"185","blu80-r97_female_gonad_m-inc-d8_kallisto_out","gonad","inc","female",9,"manipulate","D8"
"186","blu80-r97_female_hypothalamus_m-inc-d8_kallisto_out","hypo","inc","female",9,"manipulate","D8"
"187","blu80-r97_female_pituitary_m-inc-d8_kallisto_out","pit","inc","female",9,"manipulate","D8"
"188","blu81-r88_male_gonad_n9_kallisto_out","gonad","nestling9","male",28,"normal","D27"
"189","blu81-r88_male_hypothalamus_n9_kallisto_out","hypo","nestling9","male",28,"normal","D27"
"190","blu81-r88_male_pituitary_n9_kallisto_out","pit","nestling9","male",28,"normal","D27"
"191","blu84-x_male_gonad_extend-hatch_kallisto_out","gonad","extend","male",31,"manipulate","D30"
"192","blu84-x_male_hypothalamus_extend-hatch_kallisto_out","hypo","extend","male",31,"manipulate","D30"
"193","blu84-x_male_pituitary_extend-hatch_kallisto_out","pit","extend","male",31,"manipulate","D30"
"194","d-r-blk-s159_female_gonad_m-inc-d9_kallisto_out","gonad","inc","female",10,"manipulate","D9"
"195","d-r-blk-s159_female_hypothalamus_m-inc-d9_kallisto_out","hypo","inc","female",10,"manipulate","D9"
"196","d-r-blk-s159_female_pituitary_m-inc-d9_kallisto_out","pit","inc","female",10,"manipulate","D9"
"197","d-s008-y-blk_male_gonad_n5_kallisto_out","gonad","nestling5","male",24,"normal","D23"
"198","d-s008-y-blk_male_hypothalamus_n5_kallisto_out","hypo","nestling5","male",24,"normal","D23"
"199","d-s008-y-blk_male_pituitary_n5_kallisto_out","pit","nestling5","male",24,"normal","D23"
"200","d-s047-blk-o_male_gonad_n5_kallisto_out","gonad","nestling5","male",24,"normal","D23"
"201","d-s047-blk-o_male_hypothalamus_n5_kallisto_out","hypo","nestling5","male",24,"normal","D23"
"202","d-s047-blk-o_male_pituitary_n5_kallisto_out","pit","nestling5","male",24,"normal","D23"
"203","d-s110-g-blk_male_gonad_m-inc-d3_kallisto_out","gonad","inc","male",4,"manipulate","D3"
"204","d-s110-g-blk_male_hypothalamus_m-inc-d3_kallisto_out","hypo","inc","male",4,"manipulate","D3"
"205","d-s110-g-blk_male_pituitary_m-inc-d3_kallisto_out","pit","inc","male",4,"manipulate","D3"
"206","d-s112-blk-w_female_gonad_m-inc-d17_kallisto_out","gonad","inc","female",18,"manipulate","D17"
"207","d-s112-blk-w_female_hypothalamus_m-inc-d17_kallisto_out","hypo","inc","female",18,"manipulate","D17"
"208","d-s112-blk-w_female_pituitary_m-inc-d17_kallisto_out","pit","inc","female",18,"manipulate","D17"
"209","d-s177-blk-r_female_gonad_m-inc-d3_kallisto_out","gonad","inc","female",4,"manipulate","D3"
"210","d-s177-blk-r_female_hypothalamus_m-inc-d3_kallisto_out","hypo","inc","female",4,"manipulate","D3"
"211","d-s177-blk-r_female_pituitary_m-inc-d3_kallisto_out","pit","inc","female",4,"manipulate","D3"
"212","g-blk-s004-pk_female_gonad_lay_kallisto_out","gonad","lay","female",2,"normal","D1"
"213","g-blk-s004-pk_female_hypothalamus_lay_kallisto_out","hypo","lay","female",2,"normal","D1"
"214","g-blk-s004-pk_female_pituitary_lay_kallisto_out","pit","lay","female",2,"normal","D1"
"215","g-blk-s041-r_male_gonad_m-inc-d3_kallisto_out","gonad","inc","male",4,"manipulate","D3"
"216","g-blk-s041-r_male_hypothalamus_m-inc-d3_kallisto_out","hypo","inc","male",4,"manipulate","D3"
"217","g-blk-s041-r_male_pituitary_m-inc-d3_kallisto_out","pit","inc","male",4,"manipulate","D3"
"218","g-o-y-s037_male_gonad_m-inc-d17_kallisto_out","gonad","inc","male",18,"manipulate","D17"
"219","g-o-y-s037_male_hypothalamus_m-inc-d17_kallisto_out","hypo","inc","male",18,"manipulate","D17"
"220","g-o-y-s037_male_pituitary_m-inc-d17_kallisto_out","pit","inc","male",18,"manipulate","D17"
"221","g-s-blk-d_male_gonad_n9_kallisto_out","gonad","nestling9","male",28,"normal","D27"
"222","g-s-blk-d_male_hypothalamus_n9_kallisto_out","hypo","nestling9","male",28,"normal","D27"
"223","g-s-blk-d_male_pituitary_n9_kallisto_out","pit","nestling9","male",28,"normal","D27"
"224","g-s-blk-y_male_gonad_lay_kallisto_out","gonad","lay","male",2,"normal","D1"
"225","g-s-blk-y_male_hypothalamus_lay_kallisto_out","hypo","lay","male",2,"normal","D1"
"226","g-s-blk-y_male_pituitary_lay_kallisto_out","pit","lay","male",2,"normal","D1"
"227","g-s043-pu-blk_male_gonad_lay_kallisto_out","gonad","lay","male",2,"normal","D1"
"228","g-s043-pu-blk_male_hypothalamus_lay_kallisto_out","hypo","lay","male",2,"normal","D1"
"229","g-s043-pu-blk_male_pituitary_lay_kallisto_out","pit","lay","male",2,"normal","D1"
"230","g-s075-pk-pu_male_gonad_m-hatch_kallisto_out","gonad","hatch","male",19,"manipulate","D18"
"231","g-s075-pk-pu_male_hypothalamus_m-hatch_kallisto_out","hypo","hatch","male",19,"manipulate","D18"
"232","g-s075-pk-pu_male_pituitary_m-hatch_kallisto_out","pit","hatch","male",19,"manipulate","D18"
"233","g-s076-pk-r_female_gonad_m-hatch_kallisto_out","gonad","hatch","female",19,"manipulate","D18"
"234","g-s076-pk-r_female_hypothalamus_m-hatch_kallisto_out","hypo","hatch","female",19,"manipulate","D18"
"235","g-s076-pk-r_female_pituitary_m-hatch_kallisto_out","pit","hatch","female",19,"manipulate","D18"
"236","g-s078-blk-o_female_gonad_lay_kallisto_out","gonad","lay","female",2,"normal","D1"
"237","g-s078-blk-o_female_hypothalamus_lay_kallisto_out","hypo","lay","female",2,"normal","D1"
"238","g-s078-blk-o_female_pituitary_lay_kallisto_out","pit","lay","female",2,"normal","D1"
"239","g-s111-r-blk_male_gonad_m-inc-d8_kallisto_out","gonad","inc","male",9,"manipulate","D8"
"240","g-s111-r-blk_male_hypothalamus_m-inc-d8_kallisto_out","hypo","inc","male",9,"manipulate","D8"
"241","g-s111-r-blk_male_pituitary_m-inc-d8_kallisto_out","pit","inc","male",9,"manipulate","D8"
"242","g-s179-o-pk_male_gonad_m-inc-d8_kallisto_out","gonad","inc","male",9,"manipulate","D8"
"243","g-s179-o-pk_male_hypothalamus_m-inc-d8_kallisto_out","hypo","inc","male",9,"manipulate","D8"
"244","g-s179-o-pk_male_pituitary_m-inc-d8_kallisto_out","pit","inc","male",9,"manipulate","D8"
"245","g-s351-pk-w_male_gonad_extend_kallisto_out","gonad","extend","male",31,"manipulate","D30"
"246","g-s351-pk-w_male_hypothalamus_extend_kallisto_out","hypo","extend","male",31,"manipulate","D30"
"247","g-s351-pk-w_male_pituitary_extend_kallisto_out","pit","extend","male",31,"manipulate","D30"
"248","g-y-blk-s006_female_gonad_m-inc-d17_kallisto_out","gonad","inc","female",18,"manipulate","D17"
"249","g-y-blk-s006_female_hypothalamus_m-inc-d17_kallisto_out","hypo","inc","female",18,"manipulate","D17"
"250","g-y-blk-s006_female_pituitary_m-inc-d17_kallisto_out","pit","inc","female",18,"manipulate","D17"
"251","g-y-o-s_male_gonad_prolong_kallisto_out","gonad","prolong","male",21,"manipulate","D20"
"252","g-y-o-s_male_hypothalamus_prolong_kallisto_out","hypo","prolong","male",21,"manipulate","D20"
"253","g-y-o-s_male_pituitary_prolong_kallisto_out","pit","prolong","male",21,"manipulate","D20"
"254","g104-w82-x_male_gonad_bldg_kallisto_out","gonad","bldg","male",1,"normal","D0"
"255","g104-w82-x_male_hypothalamus_bldg_kallisto_out","hypo","bldg","male",1,"normal","D0"
"256","g104-w82-x_male_pituitary_bldg_kallisto_out","pit","bldg","male",1,"normal","D0"
"257","g114-w83-x_male_gonad_hatch.NYNO_kallisto_out","gonad","hatch","male",19,"normal","D18"
"258","g114-w83-x_male_hypothalamus_hatch_kallisto_out","hypo","hatch","male",19,"normal","D18"
"259","g114-w83-x_male_pituitary_hatch.NYNO_kallisto_out","pit","hatch","male",19,"normal","D18"
"260","g130-y81-x_male_gonad_inc-d17_kallisto_out","gonad","inc","male",18,"normal","D17"
"261","g130-y81-x_male_hypothalamus_inc-d17_kallisto_out","hypo","inc","male",18,"normal","D17"
"262","g130-y81-x_male_pituitary_inc-d17_kallisto_out","pit","inc","male",18,"normal","D17"
"263","g137-r24-w5_male_gonad_m-inc-d8_kallisto_out","gonad","inc","male",9,"manipulate","D8"
"264","g137-r24-w5_male_hypothalamus_m-inc-d8_kallisto_out","hypo","inc","male",9,"manipulate","D8"
"265","g137-r24-w5_male_pituitary_m-inc-d8_kallisto_out","pit","inc","male",9,"manipulate","D8"
"266","g141-blu27-x_female_gonad_bldg_kallisto_out","gonad","bldg","female",1,"normal","D0"
"267","g141-blu27-x_female_hypothalamus_bldg_kallisto_out","hypo","bldg","female",1,"normal","D0"
"268","g141-blu27-x_female_pituitary_bldg_kallisto_out","pit","bldg","female",1,"normal","D0"
"269","g142-r40-x_female_gonad_inc-d17_kallisto_out","gonad","inc","female",18,"normal","D17"
"270","g142-r40-x_female_hypothalamus_inc-d17_kallisto_out","hypo","inc","female",18,"normal","D17"
"271","g142-r40-x_female_pituitary_inc-d17_kallisto_out","pit","inc","female",18,"normal","D17"
"272","g143-blu32-x_male_gonad_inc-d17_kallisto_out","gonad","inc","male",18,"normal","D17"
"273","g143-blu32-x_male_hypothalamus_inc-d17_kallisto_out","hypo","inc","male",18,"normal","D17"
"274","g143-blu32-x_male_pituitary_inc-d17_kallisto_out","pit","inc","male",18,"normal","D17"
"275","g144-r54-x_female_gonad_m-inc-d3_kallisto_out","gonad","inc","female",4,"manipulate","D3"
"276","g144-r54-x_female_hypothalamus_m-inc-d3_kallisto_out","hypo","inc","female",4,"manipulate","D3"
"277","g144-r54-x_female_pituitary_m-inc-d3_kallisto_out","pit","inc","female",4,"manipulate","D3"
"278","g146-blu51_male_gonad_inc-d3_kallisto_out","gonad","inc","male",4,"normal","D3"
"279","g146-blu51_male_hypothalamus_inc-d3.NYNO_kallisto_out","hypo","inc","male",4,"normal","D3"
"280","g146-blu51_male_pituitary_inc-d3_kallisto_out","pit","inc","male",4,"normal","D3"
"281","g17-w108-x_female_gonad_extend_kallisto_out","gonad","extend","female",31,"manipulate","D30"
"282","g17-w108-x_female_hypothalamus_extend_kallisto_out","hypo","extend","female",31,"manipulate","D30"
"283","g17-w108-x_female_pituitary_extend_kallisto_out","pit","extend","female",31,"manipulate","D30"
"284","g20-w106-x_male_gonad_inc-d3_kallisto_out","gonad","inc","male",4,"normal","D3"
"285","g20-w106-x_male_hypothalamus_inc-d3_kallisto_out","hypo","inc","male",4,"normal","D3"
"286","g20-w106-x_male_pituitary_inc-d3_kallisto_out","pit","inc","male",4,"normal","D3"
"287","g22-blu118_female_gonad_extend_kallisto_out","gonad","extend","female",31,"manipulate","D30"
"288","g22-blu118_female_hypothalamus_extend_kallisto_out","hypo","extend","female",31,"manipulate","D30"
"289","g22-blu118_female_pituitary_extend_kallisto_out","pit","extend","female",31,"manipulate","D30"
"290","g3-g119-w20_male_gonad_extend_kallisto_out","gonad","extend","male",31,"manipulate","D30"
"291","g3-g119-w20_male_hypothalamus_extend_kallisto_out","hypo","extend","male",31,"manipulate","D30"
"292","g3-g119-w20_male_pituitary_extend_kallisto_out","pit","extend","male",31,"manipulate","D30"
"293","g32-blu79_male_gonad_m-inc-d17_kallisto_out","gonad","inc","male",18,"manipulate","D17"
"294","g32-blu79_male_hypothalamus_m-inc-d17_kallisto_out","hypo","inc","male",18,"manipulate","D17"
"295","g32-blu79_male_pituitary_m-inc-d17_kallisto_out","pit","inc","male",18,"manipulate","D17"
"296","g34-x_male_gonad_m-hatch.NYNO_kallisto_out","gonad","hatch","male",19,"manipulate","D18"
"297","g34-x_male_hypothalamus_m-hatch_kallisto_out","hypo","hatch","male",19,"manipulate","D18"
"298","g34-x_male_pituitary_m-hatch_kallisto_out","pit","hatch","male",19,"manipulate","D18"
"299","g38-x_male_gonad_inc-prolong_kallisto_out","gonad","inc","male",21,"manipulate","D20"
"300","g38-x_male_hypothalamus_inc-prolong_kallisto_out","hypo","inc","male",21,"manipulate","D20"
"301","g38-x_male_pituitary_inc-prolong_kallisto_out","pit","inc","male",21,"manipulate","D20"
"302","g52-blu58_male_gonad_bldg_kallisto_out","gonad","bldg","male",1,"normal","D0"
"303","g52-blu58_male_hypothalamus_bldg_kallisto_out","hypo","bldg","male",1,"normal","D0"
"304","g52-blu58_male_pituitary_bldg_kallisto_out","pit","bldg","male",1,"normal","D0"
"305","g53-y84_male_gonad_hatch_kallisto_out","gonad","hatch","male",19,"normal","D18"
"306","g53-y84_male_hypothalamus_hatch_kallisto_out","hypo","hatch","male",19,"normal","D18"
"307","g53-y84_male_pituitary_hatch_kallisto_out","pit","hatch","male",19,"normal","D18"
"308","g6-w197-x_female_gonad_inc-d3_kallisto_out","gonad","inc","female",4,"normal","D3"
"309","g6-w197-x_female_hypothalamus_inc-d3_kallisto_out","hypo","inc","female",4,"normal","D3"
"310","g6-w197-x_female_pituitary_inc-d3_kallisto_out","pit","inc","female",4,"normal","D3"
"311","g63-blu65_female_gonad_m-inc-d17_kallisto_out","gonad","inc","female",18,"manipulate","D17"
"312","g63-blu65_female_hypothalamus_m-inc-d17_kallisto_out","hypo","inc","female",18,"manipulate","D17"
"313","g63-blu65_female_pituitary_m-inc-d17_kallisto_out","pit","inc","female",18,"manipulate","D17"
"314","g73-x_female_gonad_m-inc-d9_kallisto_out","gonad","inc","female",10,"manipulate","D9"
"315","g73-x_female_hypothalamus_m-inc-d9_kallisto_out","hypo","inc","female",10,"manipulate","D9"
"316","g73-x_female_pituitary_m-inc-d9_kallisto_out","pit","inc","female",10,"manipulate","D9"
"317","g75-x_female_gonad_inc-d9_kallisto_out","gonad","inc","female",10,"normal","D9"
"318","g75-x_female_hypothalamus_inc-d9_kallisto_out","hypo","inc","female",10,"normal","D9"
"319","g75-x_female_pituitary_inc-d9_kallisto_out","pit","inc","female",10,"normal","D9"
"320","g8-y197_male_gonad_extend_kallisto_out","gonad","extend","male",31,"manipulate","D30"
"321","g8-y197_male_hypothalamus_extend_kallisto_out","hypo","extend","male",31,"manipulate","D30"
"322","g8-y197_male_pituitary_extend_kallisto_out","pit","extend","male",31,"manipulate","D30"
"323","l-s-o-blk_male_gonad_extend_kallisto_out","gonad","extend","male",31,"manipulate","D30"
"324","l-s-o-blk_male_hypothalamus_extend_kallisto_out","hypo","extend","male",31,"manipulate","D30"
"325","l-s-o-blk_male_pituitary_extend_kallisto_out","pit","extend","male",31,"manipulate","D30"
"326","l-s-w-d_female_gonad_m-hatch_kallisto_out","gonad","hatch","female",19,"manipulate","D18"
"327","l-s-w-d_female_hypothalamus_m-hatch_kallisto_out","hypo","hatch","female",19,"manipulate","D18"
"328","l-s-w-d_female_pituitary_m-hatch_kallisto_out","pit","hatch","female",19,"manipulate","D18"
"329","l-s024-y-g_male_gonad_m-inc-d17_kallisto_out","gonad","inc","male",18,"manipulate","D17"
"330","l-s024-y-g_male_hypothalamus_m-inc-d17_kallisto_out","hypo","inc","male",18,"manipulate","D17"
"331","l-s024-y-g_male_pituitary_m-inc-d17_kallisto_out","pit","inc","male",18,"manipulate","D17"
"332","l-s052-pk-r_female_gonad_prolong_kallisto_out","gonad","prolong","female",21,"manipulate","D20"
"333","l-s052-pk-r_female_hypothalamus_prolong_kallisto_out","hypo","prolong","female",21,"manipulate","D20"
"334","l-s052-pk-r_female_pituitary_prolong_kallisto_out","pit","prolong","female",21,"manipulate","D20"
"335","l-s080-blk-r_male_gonad_prolong_kallisto_out","gonad","prolong","male",21,"manipulate","D20"
"336","l-s080-blk-r_male_hypothalamus_prolong_kallisto_out","hypo","prolong","male",21,"manipulate","D20"
"337","l-s080-blk-r_male_pituitary_prolong_kallisto_out","pit","prolong","male",21,"manipulate","D20"
"338","l-s120-y-blk_female_gonad_bldg_kallisto_out","gonad","bldg","female",1,"normal","D0"
"339","l-s120-y-blk_female_hypothalamus_bldg_kallisto_out","hypo","bldg","female",1,"normal","D0"
"340","l-s120-y-blk_female_pituitary_bldg_kallisto_out","pit","bldg","female",1,"normal","D0"
"341","l-s166-o-w_female_gonad_prolong_kallisto_out","gonad","prolong","female",21,"manipulate","D20"
"342","l-s166-o-w_female_hypothalamus_prolong_kallisto_out","hypo","prolong","female",21,"manipulate","D20"
"343","l-s166-o-w_female_pituitary_prolong_kallisto_out","pit","prolong","female",21,"manipulate","D20"
"344","l-s280-g-blk_male_gonad_m-inc-d9_kallisto_out","gonad","inc","male",10,"manipulate","D9"
"345","l-s280-g-blk_male_hypothalamus_m-inc-d9_kallisto_out","hypo","inc","male",10,"manipulate","D9"
"346","l-s280-g-blk_male_pituitary_m-inc-d9_kallisto_out","pit","inc","male",10,"manipulate","D9"
"347","o-d-s009_male_gonad_m-inc-d9_kallisto_out","gonad","inc","male",10,"manipulate","D9"
"348","o-d-s009_male_hypothalamus_m-inc-d9.NYNO_kallisto_out","hypo","inc","male",10,"manipulate","D9"
"349","o-d-s009_male_pituitary_m-inc-d9_kallisto_out","pit","inc","male",10,"manipulate","D9"
"350","o-s-w-r_male_gonad_lay_kallisto_out","gonad","lay","male",2,"normal","D1"
"351","o-s-w-r_male_hypothalamus_lay_kallisto_out","hypo","lay","male",2,"normal","D1"
"352","o-s-w-r_male_pituitary_lay_kallisto_out","pit","lay","male",2,"normal","D1"
"353","o-s010-r-blk_male_gonad_m-inc-d3_kallisto_out","gonad","inc","male",4,"manipulate","D3"
"354","o-s010-r-blk_male_hypothalamus_m-inc-d3_kallisto_out","hypo","inc","male",4,"manipulate","D3"
"355","o-s010-r-blk_male_pituitary_m-inc-d3_kallisto_out","pit","inc","male",4,"manipulate","D3"
"356","o-s084-w-blk_female_gonad_m-inc-d17_kallisto_out","gonad","inc","female",18,"manipulate","D17"
"357","o-s084-w-blk_female_hypothalamus_m-inc-d17_kallisto_out","hypo","inc","female",18,"manipulate","D17"
"358","o-s084-w-blk_female_pituitary_m-inc-d17_kallisto_out","pit","inc","female",18,"manipulate","D17"
"359","o114-blu9_male_gonad_inc-prolong_kallisto_out","gonad","inc","male",21,"manipulate","D20"
"360","o114-blu9_male_hypothalamus_inc-prolong_kallisto_out","hypo","inc","male",21,"manipulate","D20"
"361","o114-blu9_male_pituitary_inc-prolong_kallisto_out","pit","inc","male",21,"manipulate","D20"
"362","o152-o120-w42_male_gonad_n5_kallisto_out","gonad","nestling5","male",24,"normal","D23"
"363","o152-o120-w42_male_hypothalamus_n5_kallisto_out","hypo","nestling5","male",24,"normal","D23"
"364","o152-o120-w42_male_pituitary_n5_kallisto_out","pit","nestling5","male",24,"normal","D23"
"365","o156-w80-x_female_gonad_inc-d3_kallisto_out","gonad","inc","female",4,"normal","D3"
"366","o156-w80-x_female_hypothalamus_inc-d3_kallisto_out","hypo","inc","female",4,"normal","D3"
"367","o156-w80-x_female_pituitary_inc-d3_kallisto_out","pit","inc","female",4,"normal","D3"
"368","o165-w122-x_female_gonad_inc-d3.NYNO_kallisto_out","gonad","inc","female",4,"normal","D3"
"369","o165-w122-x_female_hypothalamus_inc-d3_kallisto_out","hypo","inc","female",4,"normal","D3"
"370","o165-w122-x_female_pituitary_inc-d3.NYNO_kallisto_out","pit","inc","female",4,"normal","D3"
"371","o169-r28-x_female_gonad_m-inc-d17_kallisto_out","gonad","inc","female",18,"manipulate","D17"
"372","o169-r28-x_female_hypothalamus_m-inc-d17_kallisto_out","hypo","inc","female",18,"manipulate","D17"
"373","o169-r28-x_female_pituitary_m-inc-d17_kallisto_out","pit","inc","female",18,"manipulate","D17"
"374","o172-w115-x_female_gonad_hatch_kallisto_out","gonad","hatch","female",19,"normal","D18"
"375","o172-w115-x_female_hypothalamus_hatch_kallisto_out","hypo","hatch","female",19,"normal","D18"
"376","o172-w115-x_female_pituitary_hatch.NYNO_kallisto_out","pit","hatch","female",19,"normal","D18"
"377","o173-w179-x_female_gonad_inc-d3_kallisto_out","gonad","inc","female",4,"normal","D3"
"378","o173-w179-x_female_hypothalamus_inc-d3_kallisto_out","hypo","inc","female",4,"normal","D3"
"379","o173-w179-x_female_pituitary_inc-d3_kallisto_out","pit","inc","female",4,"normal","D3"
"380","o3-x_male_gonad_m-n2_kallisto_out","gonad","mn2","male",22,"normal","D21"
"381","o3-x_male_hypothalamus_m-n2_kallisto_out","hypo","mn2","male",22,"normal","D21"
"382","o3-x_male_pituitary_m-n2_kallisto_out","pit","mn2","male",22,"normal","D21"
"383","o35-r51-x_female_gonad_inc-d17_kallisto_out","gonad","inc","female",18,"normal","D17"
"384","o35-r51-x_female_hypothalamus_inc-d17_kallisto_out","hypo","inc","female",18,"normal","D17"
"385","o35-r51-x_female_pituitary_inc-d17_kallisto_out","pit","inc","female",18,"normal","D17"
"386","o36-r62-x_female_gonad_m-inc-d9_kallisto_out","gonad","inc","female",10,"manipulate","D9"
"387","o36-r62-x_female_hypothalamus_m-inc-d9_kallisto_out","hypo","inc","female",10,"manipulate","D9"
"388","o36-r62-x_female_pituitary_m-inc-d9_kallisto_out","pit","inc","female",10,"manipulate","D9"
"389","o38-blu29-x_female_gonad_bldg_kallisto_out","gonad","bldg","female",1,"normal","D0"
"390","o38-blu29-x_female_hypothalamus_bldg_kallisto_out","hypo","bldg","female",1,"normal","D0"
"391","o38-blu29-x_female_pituitary_bldg_kallisto_out","pit","bldg","female",1,"normal","D0"
"392","o39-y77-x_male_gonad_hatch_kallisto_out","gonad","hatch","male",19,"normal","D18"
"393","o39-y77-x_male_hypothalamus_hatch_kallisto_out","hypo","hatch","male",19,"normal","D18"
"394","o39-y77-x_male_pituitary_hatch_kallisto_out","pit","hatch","male",19,"normal","D18"
"395","o44-blu26-x_male_gonad_hatch_kallisto_out","gonad","hatch","male",19,"normal","D18"
"396","o44-blu26-x_male_hypothalamus_hatch_kallisto_out","hypo","hatch","male",19,"normal","D18"
"397","o44-blu26-x_male_pituitary_hatch_kallisto_out","pit","hatch","male",19,"normal","D18"
"398","o45-g128-x_female_gonad_m-inc-d9.NYNO_kallisto_out","gonad","inc","female",10,"manipulate","D9"
"399","o45-g128-x_female_hypothalamus_m-inc-d9_kallisto_out","hypo","inc","female",10,"manipulate","D9"
"400","o45-g128-x_female_pituitary_m-inc-d9_kallisto_out","pit","inc","female",10,"manipulate","D9"
"401","o48-r197-x_male_gonad_inc-d3_kallisto_out","gonad","inc","male",4,"normal","D3"
"402","o48-r197-x_male_hypothalamus_inc-d3_kallisto_out","hypo","inc","male",4,"normal","D3"
"403","o48-r197-x_male_pituitary_inc-d3_kallisto_out","pit","inc","male",4,"normal","D3"
"404","o49-x_male_gonad_inc-d9_kallisto_out","gonad","inc","male",10,"normal","D9"
"405","o49-x_male_hypothalamus_inc-d9_kallisto_out","hypo","inc","male",10,"normal","D9"
"406","o49-x_male_pituitary_inc-d9_kallisto_out","pit","inc","male",10,"normal","D9"
"407","o52-blu53_female_gonad_inc-d17_kallisto_out","gonad","inc","female",18,"normal","D17"
"408","o52-blu53_female_hypothalamus_inc-d17_kallisto_out","hypo","inc","female",18,"normal","D17"
"409","o52-blu53_female_pituitary_inc-d17_kallisto_out","pit","inc","female",18,"normal","D17"
"410","o57-g59_male_gonad_inc-d9_kallisto_out","gonad","inc","male",10,"normal","D9"
"411","o57-g59_male_hypothalamus_inc-d9_kallisto_out","hypo","inc","male",10,"normal","D9"
"412","o57-g59_male_pituitary_inc-d9_kallisto_out","pit","inc","male",10,"normal","D9"
"413","o59-blu64_male_gonad_m-inc-d17_kallisto_out","gonad","inc","male",18,"manipulate","D17"
"414","o59-blu64_male_hypothalamus_m-inc-d17_kallisto_out","hypo","inc","male",18,"manipulate","D17"
"415","o59-blu64_male_pituitary_m-inc-d17_kallisto_out","pit","inc","male",18,"manipulate","D17"
"416","o73-x_female_gonad_inc-d9_kallisto_out","gonad","inc","female",10,"normal","D9"
"417","o73-x_female_hypothalamus_inc-d9_kallisto_out","hypo","inc","female",10,"normal","D9"
"418","o73-x_female_pituitary_inc-d9_kallisto_out","pit","inc","female",10,"normal","D9"
"419","p-g-blk-s040_female_gonad_m-inc-d8_kallisto_out","gonad","inc","female",9,"manipulate","D8"
"420","p-g-blk-s040_female_hypothalamus_m-inc-d8_kallisto_out","hypo","inc","female",9,"manipulate","D8"
"421","p-g-blk-s040_female_pituitary_m-inc-d8_kallisto_out","pit","inc","female",9,"manipulate","D8"
"422","pk-s-d-g_male_gonad_prolong_kallisto_out","gonad","prolong","male",21,"manipulate","D20"
"423","pk-s-d-g_male_hypothalamus_prolong_kallisto_out","hypo","prolong","male",21,"manipulate","D20"
"424","pk-s-d-g_male_pituitary_prolong_kallisto_out","pit","prolong","male",21,"manipulate","D20"
"425","pk-s011-o-y_female_gonad_m-inc-d17_kallisto_out","gonad","inc","female",18,"manipulate","D17"
"426","pk-s011-o-y_female_hypothalamus_m-inc-d17_kallisto_out","hypo","inc","female",18,"manipulate","D17"
"427","pk-s011-o-y_female_pituitary_m-inc-d17_kallisto_out","pit","inc","female",18,"manipulate","D17"
"428","pk-s054-d-g_female_gonad_m-hatch_kallisto_out","gonad","hatch","female",19,"manipulate","D18"
"429","pk-s054-d-g_female_hypothalamus_m-hatch_kallisto_out","hypo","hatch","female",19,"manipulate","D18"
"430","pk-s054-d-g_female_pituitary_m-hatch_kallisto_out","pit","hatch","female",19,"manipulate","D18"
"431","pk-s055-d-l_female_gonad_m-inc-d8_kallisto_out","gonad","inc","female",9,"manipulate","D8"
"432","pk-s055-d-l_female_hypothalamus_m-inc-d8_kallisto_out","hypo","inc","female",9,"manipulate","D8"
"433","pk-s055-d-l_female_pituitary_m-inc-d8_kallisto_out","pit","inc","female",9,"manipulate","D8"
"434","pk-s238-blk-w_male_gonad_lay_kallisto_out","gonad","lay","male",2,"normal","D1"
"435","pk-s238-blk-w_male_hypothalamus_lay_kallisto_out","hypo","lay","male",2,"normal","D1"
"436","pk-s238-blk-w_male_pituitary_lay_kallisto_out","pit","lay","male",2,"normal","D1"
"437","pk-w-s141-o_male_gonad_lay_kallisto_out","gonad","lay","male",2,"normal","D1"
"438","pk-w-s141-o_male_hypothalamus_lay_kallisto_out","hypo","lay","male",2,"normal","D1"
"439","pk-w-s141-o_male_pituitary_lay_kallisto_out","pit","lay","male",2,"normal","D1"
"440","pu-blk-s102-y_male_gonad_m-inc-d8_kallisto_out","gonad","inc","male",9,"manipulate","D8"
"441","pu-blk-s102-y_male_hypothalamus_m-inc-d8_kallisto_out","hypo","inc","male",9,"manipulate","D8"
"442","pu-blk-s102-y_male_pituitary_m-inc-d8_kallisto_out","pit","inc","male",9,"manipulate","D8"
"443","pu-s-o-r_male_hypothalamus_m-hatch_kallisto_out","hypo","hatch","male",19,"manipulate","D18"
"444","pu-s-o-r_male_pituitary_m-hatch_kallisto_out","pit","hatch","male",19,"manipulate","D18"
"445","r-s005-pk-blk_male_gonad_lay_kallisto_out","gonad","lay","male",2,"normal","D1"
"446","r-s005-pk-blk_male_hypothalamus_lay_kallisto_out","hypo","lay","male",2,"normal","D1"
"447","r-s005-pk-blk_male_pituitary_lay_kallisto_out","pit","lay","male",2,"normal","D1"
"448","r-s035-y-blk_female_gonad_m-inc-d3_kallisto_out","gonad","inc","female",4,"manipulate","D3"
"449","r-s035-y-blk_female_hypothalamus_m-inc-d3_kallisto_out","hypo","inc","female",4,"manipulate","D3"
"450","r-s035-y-blk_female_pituitary_m-inc-d3_kallisto_out","pit","inc","female",4,"manipulate","D3"
"451","r-s056-g-o_female_gonad_bldg_kallisto_out","gonad","bldg","female",1,"normal","D0"
"452","r-s056-g-o_female_hypothalamus_bldg_kallisto_out","hypo","bldg","female",1,"normal","D0"
"453","r-s056-g-o_female_pituitary_bldg_kallisto_out","pit","bldg","female",1,"normal","D0"
"454","r-s057-g-pk_male_gonad_extend_kallisto_out","gonad","extend","male",31,"manipulate","D30"
"455","r-s057-g-pk_male_hypothalamus_extend_kallisto_out","hypo","extend","male",31,"manipulate","D30"
"456","r-s057-g-pk_male_pituitary_extend_kallisto_out","pit","extend","male",31,"manipulate","D30"
"457","r-s058-d-l_male_gonad_m-inc-d8_kallisto_out","gonad","inc","male",9,"manipulate","D8"
"458","r-s058-d-l_male_hypothalamus_m-inc-d8_kallisto_out","hypo","inc","male",9,"manipulate","D8"
"459","r-s058-d-l_male_pituitary_m-inc-d8_kallisto_out","pit","inc","male",9,"manipulate","D8"
"460","r-s059-d-o_male_gonad_bldg_kallisto_out","gonad","bldg","male",1,"normal","D0"
"461","r-s059-d-o_male_hypothalamus_bldg_kallisto_out","hypo","bldg","male",1,"normal","D0"
"462","r-s059-d-o_male_pituitary_bldg_kallisto_out","pit","bldg","male",1,"normal","D0"
"463","r-s086-l-blk_male_gonad_extend_kallisto_out","gonad","extend","male",31,"manipulate","D30"
"464","r-s086-l-blk_male_hypothalamus_extend_kallisto_out","hypo","extend","male",31,"manipulate","D30"
"465","r-s086-l-blk_male_pituitary_extend_kallisto_out","pit","extend","male",31,"manipulate","D30"
"466","r-s116-blk-pu_male_gonad_lay_kallisto_out","gonad","lay","male",2,"normal","D1"
"467","r-s116-blk-pu_male_hypothalamus_lay_kallisto_out","hypo","lay","male",2,"normal","D1"
"468","r-s116-blk-pu_male_pituitary_lay_kallisto_out","pit","lay","male",2,"normal","D1"
"469","r-s131-o-d_female_gonad_extend_kallisto_out","gonad","extend","female",31,"manipulate","D30"
"470","r-s131-o-d_female_hypothalamus_extend_kallisto_out","hypo","extend","female",31,"manipulate","D30"
"471","r-s131-o-d_female_pituitary_extend_kallisto_out","pit","extend","female",31,"manipulate","D30"
"472","r-s171-l-w_female_gonad_n9_kallisto_out","gonad","nestling9","female",28,"normal","D27"
"473","r-s171-l-w_female_hypothalamus_n9_kallisto_out","hypo","nestling9","female",28,"normal","D27"
"474","r-s171-l-w_female_pituitary_n9_kallisto_out","pit","nestling9","female",28,"normal","D27"
"475","r-s172-l-y_male_gonad_extend_kallisto_out","gonad","extend","male",31,"manipulate","D30"
"476","r-s172-l-y_male_hypothalamus_extend_kallisto_out","hypo","extend","male",31,"manipulate","D30"
"477","r-s172-l-y_male_pituitary_extend_kallisto_out","pit","extend","male",31,"manipulate","D30"
"478","r-y-s007-blk_male_gonad_n9_kallisto_out","gonad","nestling9","male",28,"normal","D27"
"479","r-y-s007-blk_male_hypothalamus_n9_kallisto_out","hypo","nestling9","male",28,"normal","D27"
"480","r-y-s007-blk_male_pituitary_n9_kallisto_out","pit","nestling9","male",28,"normal","D27"
"481","r176-blu54_male_gonad_inc-d17_kallisto_out","gonad","inc","male",18,"normal","D17"
"482","r176-blu54_male_hypothalamus_inc-d17_kallisto_out","hypo","inc","male",18,"normal","D17"
"483","r176-blu54_male_pituitary_inc-d17_kallisto_out","pit","inc","male",18,"normal","D17"
"484","r183-o22_female_gonad_hatch_kallisto_out","gonad","hatch","female",19,"normal","D18"
"485","r183-o22_female_hypothalamus_hatch_kallisto_out","hypo","hatch","female",19,"normal","D18"
"486","r183-o22_female_pituitary_hatch_kallisto_out","pit","hatch","female",19,"normal","D18"
"487","r190-o43-x_male_gonad_lay_kallisto_out","gonad","lay","male",2,"normal","D1"
"488","r190-o43-x_male_hypothalamus_lay_kallisto_out","hypo","lay","male",2,"normal","D1"
"489","r190-o43-x_male_pituitary_lay_kallisto_out","pit","lay","male",2,"normal","D1"
"490","r194-x_female_gonad_prolong_kallisto_out","gonad","prolong","female",21,"manipulate","D20"
"491","r194-x_female_hypothalamus_prolong_kallisto_out","hypo","prolong","female",21,"manipulate","D20"
"492","r194-x_female_pituitary_prolong_kallisto_out","pit","prolong","female",21,"manipulate","D20"
"493","r195-x_male_gonad_n9_kallisto_out","gonad","nestling9","male",28,"normal","D27"
"494","r195-x_male_hypothalamus_n9_kallisto_out","hypo","nestling9","male",28,"normal","D27"
"495","r195-x_male_pituitary_n9_kallisto_out","pit","nestling9","male",28,"normal","D27"
"496","r196-x_male_gonad_m-inc-d9_kallisto_out","gonad","inc","male",10,"manipulate","D9"
"497","r196-x_male_hypothalamus_m-inc-d9_kallisto_out","hypo","inc","male",10,"manipulate","D9"
"498","r196-x_male_pituitary_m-inc-d9_kallisto_out","pit","inc","male",10,"manipulate","D9"
"499","r27-w111-blu125_female_gonad_inc-d3_kallisto_out","gonad","inc","female",4,"normal","D3"
"500","r27-w111-blu125_female_hypothalamus_inc-d3_kallisto_out","hypo","inc","female",4,"normal","D3"
"501","r27-w111-blu125_female_pituitary_inc-d3_kallisto_out","pit","inc","female",4,"normal","D3"
"502","r30-w112-r46_female_gonad_inc-d9_kallisto_out","gonad","inc","female",10,"normal","D9"
"503","r30-w112-r46_female_hypothalamus_inc-d9_kallisto_out","hypo","inc","female",10,"normal","D9"
"504","r30-w112-r46_female_pituitary_inc-d9_kallisto_out","pit","inc","female",10,"normal","D9"
"505","r36-w184-x_female_gonad_inc-d9_kallisto_out","gonad","inc","female",10,"normal","D9"
"506","r36-w184-x_female_hypothalamus_inc-d9_kallisto_out","hypo","inc","female",10,"normal","D9"
"507","r36-w184-x_female_pituitary_inc-d9_kallisto_out","pit","inc","female",10,"normal","D9"
"508","r37-w100-x_male_gonad_n9_kallisto_out","gonad","nestling9","male",28,"normal","D27"
"509","r37-w100-x_male_hypothalamus_n9_kallisto_out","hypo","nestling9","male",28,"normal","D27"
"510","r37-w100-x_male_pituitary_n9_kallisto_out","pit","nestling9","male",28,"normal","D27"
"511","r4-x_male_gonad_m-inc-d8_kallisto_out","gonad","inc","male",9,"manipulate","D8"
"512","r4-x_male_hypothalamus_m-inc-d8_kallisto_out","hypo","inc","male",9,"manipulate","D8"
"513","r4-x_male_pituitary_m-inc-d8_kallisto_out","pit","inc","male",9,"manipulate","D8"
"514","r41-w99-x_male_gonad_hatch_kallisto_out","gonad","hatch","male",19,"normal","D18"
"515","r41-w99-x_male_hypothalamus_hatch_kallisto_out","hypo","hatch","male",19,"normal","D18"
"516","r41-w99-x_male_pituitary_hatch_kallisto_out","pit","hatch","male",19,"normal","D18"
"517","r45-X_male_gonad_inc-d9_kallisto_out","gonad","inc","male",10,"normal","D9"
"518","r45-X_male_pituitary_inc-d9_kallisto_out","pit","inc","male",10,"normal","D9"
"519","r45-x_male_hypothalamus_inc-d9_kallisto_out","hypo","inc","male",10,"normal","D9"
"520","r49-w189-x_female_gonad_inc-d17_kallisto_out","gonad","inc","female",18,"normal","D17"
"521","r49-w189-x_female_hypothalamus_inc-d17_kallisto_out","hypo","inc","female",18,"normal","D17"
"522","r49-w189-x_female_pituitary_inc-d17_kallisto_out","pit","inc","female",18,"normal","D17"
"523","r72-y83-x_male_gonad_hatch_kallisto_out","gonad","hatch","male",19,"normal","D18"
"524","r72-y83-x_male_hypothalamus_hatch_kallisto_out","hypo","hatch","male",19,"normal","D18"
"525","r72-y83-x_male_pituitary_hatch_kallisto_out","pit","hatch","male",19,"normal","D18"
"526","r73-g127-x_female_gonad_inc-d3_kallisto_out","gonad","inc","female",4,"normal","D3"
"527","r73-g127-x_female_hypothalamus_inc-d3_kallisto_out","hypo","inc","female",4,"normal","D3"
"528","r73-g127-x_female_pituitary_inc-d3_kallisto_out","pit","inc","female",4,"normal","D3"
"529","r81-x_male_gonad_inc-prolong_kallisto_out","gonad","inc","male",21,"manipulate","D20"
"530","r81-x_male_hypothalamus_inc-prolong_kallisto_out","hypo","inc","male",21,"manipulate","D20"
"531","r81-x_male_pituitary_inc-prolong_kallisto_out","pit","inc","male",21,"manipulate","D20"
"532","r83-g45_female_gonad_bldg_kallisto_out","gonad","bldg","female",1,"normal","D0"
"533","r83-g45_female_hypothalamus_bldg_kallisto_out","hypo","bldg","female",1,"normal","D0"
"534","r83-g45_female_pituitary_bldg_kallisto_out","pit","bldg","female",1,"normal","D0"
"535","r84-x_male_gonad_m-inc-d9_kallisto_out","gonad","inc","male",10,"manipulate","D9"
"536","r84-x_male_hypothalamus_m-inc-d9_kallisto_out","hypo","inc","male",10,"manipulate","D9"
"537","r84-x_male_pituitary_m-inc-d9_kallisto_out","pit","inc","male",10,"manipulate","D9"
"538","r85-g39_male_gonad_m-inc-d9.NYNO_kallisto_out","gonad","inc","male",10,"manipulate","D9"
"539","r85-g39_male_hypothalamus_m-inc-d9_kallisto_out","hypo","inc","male",10,"manipulate","D9"
"540","r85-g39_male_pituitary_m-inc-d9.NYNO_kallisto_out","pit","inc","male",10,"manipulate","D9"
"541","r90-x_male_gonad_inc-prolong_kallisto_out","gonad","inc","male",21,"manipulate","D20"
"542","r90-x_male_hypothalamus_inc-prolong_kallisto_out","hypo","inc","male",21,"manipulate","D20"
"543","r90-x_male_pituitary_inc-prolong_kallisto_out","pit","inc","male",21,"manipulate","D20"
"544","r95-blu99_female_gonad_n9_kallisto_out","gonad","nestling9","female",28,"normal","D27"
"545","r95-blu99_female_hypothalamus_n9_kallisto_out","hypo","nestling9","female",28,"normal","D27"
"546","r95-blu99_female_pituitary_n9_kallisto_out","pit","nestling9","female",28,"normal","D27"
"547","s-o-pk_female_gonad_lay_kallisto_out","gonad","lay","female",2,"normal","D1"
"548","s-o-pk_female_hypothalamus_lay_kallisto_out","hypo","lay","female",2,"normal","D1"
"549","s-o-pk_female_pituitary_lay_kallisto_out","pit","lay","female",2,"normal","D1"
"550","s-pu-pk_female_gonad_prolong_kallisto_out","gonad","prolong","female",21,"manipulate","D20"
"551","s-pu-pk_female_hypothalamus_prolong_kallisto_out","hypo","prolong","female",21,"manipulate","D20"
"552","s-pu-pk_female_pituitary_prolong_kallisto_out","pit","prolong","female",21,"manipulate","D20"
"553","s-pu148-blk-r_male_gonad_bldg_kallisto_out","gonad","bldg","male",1,"normal","D0"
"554","s-pu148-blk-r_male_hypothalamus_bldg_kallisto_out","hypo","bldg","male",1,"normal","D0"
"555","s-pu148-blk-r_male_pituitary_bldg_kallisto_out","pit","bldg","male",1,"normal","D0"
"556","s002-x_female_gonad_m-inc-d8_kallisto_out","gonad","inc","female",9,"manipulate","D8"
"557","s002-x_female_hypothalamus_m-inc-d8_kallisto_out","hypo","inc","female",9,"manipulate","D8"
"558","s002-x_female_pituitary_m-inc-d8_kallisto_out","pit","inc","female",9,"manipulate","D8"
"559","s038-g-d-blk_female_gonad_m-inc-d17_kallisto_out","gonad","inc","female",18,"manipulate","D17"
"560","s038-g-d-blk_female_hypothalamus_m-inc-d17_kallisto_out","hypo","inc","female",18,"manipulate","D17"
"561","s038-g-d-blk_female_pituitary_m-inc-d17_kallisto_out","pit","inc","female",18,"manipulate","D17"
"562","s044-blk-d-r_male_gonad_m-inc-d8_kallisto_out","gonad","inc","male",9,"manipulate","D8"
"563","s044-blk-d-r_male_hypothalamus_m-inc-d8_kallisto_out","hypo","inc","male",9,"manipulate","D8"
"564","s044-blk-d-r_male_pituitary_m-inc-d8_kallisto_out","pit","inc","male",9,"manipulate","D8"
"565","s062-d-blk-g_male_gonad_m-hatch_kallisto_out","gonad","hatch","male",19,"manipulate","D18"
"566","s062-d-blk-g_male_hypothalamus_m-hatch_kallisto_out","hypo","hatch","male",19,"manipulate","D18"
"567","s062-d-blk-g_male_pituitary_m-hatch_kallisto_out","pit","hatch","male",19,"manipulate","D18"
"568","s063-d-blk-l_female_gonad_bldg_kallisto_out","gonad","bldg","female",1,"normal","D0"
"569","s063-d-blk-l_female_hypothalamus_bldg_kallisto_out","hypo","bldg","female",1,"normal","D0"
"570","s063-d-blk-l_female_pituitary_bldg_kallisto_out","pit","bldg","female",1,"normal","D0"
"571","s064-g-blk-pu_male_gonad_m-inc-d17_kallisto_out","gonad","inc","male",18,"manipulate","D17"
"572","s064-g-blk-pu_male_hypothalamus_m-inc-d17_kallisto_out","hypo","inc","male",18,"manipulate","D17"
"573","s064-g-blk-pu_male_pituitary_m-inc-d17_kallisto_out","pit","inc","male",18,"manipulate","D17"
"574","s065-l-d-o_male_gonad_bldg_kallisto_out","gonad","bldg","male",1,"normal","D0"
"575","s065-l-d-o_male_hypothalamus_bldg_kallisto_out","hypo","bldg","male",1,"normal","D0"
"576","s065-l-d-o_male_pituitary_bldg_kallisto_out","pit","bldg","male",1,"normal","D0"
"577","s066-l-d-r_male_gonad_bldg_kallisto_out","gonad","bldg","male",1,"normal","D0"
"578","s066-l-d-r_male_hypothalamus_bldg_kallisto_out","hypo","bldg","male",1,"normal","D0"
"579","s066-l-d-r_male_pituitary_bldg_kallisto_out","pit","bldg","male",1,"normal","D0"
"580","s067-o-l-y_male_gonad_m-inc-d8_kallisto_out","gonad","inc","male",9,"manipulate","D8"
"581","s067-o-l-y_male_hypothalamus_m-inc-d8_kallisto_out","hypo","inc","male",9,"manipulate","D8"
"582","s067-o-l-y_male_pituitary_m-inc-d8_kallisto_out","pit","inc","male",9,"manipulate","D8"
"583","s069-pk-pu-g_female_gonad_m-inc-d3_kallisto_out","gonad","inc","female",4,"manipulate","D3"
"584","s069-pk-pu-g_female_hypothalamus_m-inc-d3_kallisto_out","hypo","inc","female",4,"manipulate","D3"
"585","s069-pk-pu-g_female_pituitary_m-inc-d3_kallisto_out","pit","inc","female",4,"manipulate","D3"
"586","s071-pu-g-pk_male_gonad_m-inc-d3_kallisto_out","gonad","inc","male",4,"manipulate","D3"
"587","s071-pu-g-pk_male_hypothalamus_m-inc-d3_kallisto_out","hypo","inc","male",4,"manipulate","D3"
"588","s071-pu-g-pk_male_pituitary_m-inc-d3_kallisto_out","pit","inc","male",4,"manipulate","D3"
"589","s089-blk-pk-pu_female_gonad_extend_kallisto_out","gonad","extend","female",31,"manipulate","D30"
"590","s089-blk-pk-pu_female_hypothalamus_extend_kallisto_out","hypo","extend","female",31,"manipulate","D30"
"591","s089-blk-pk-pu_female_pituitary_extend_kallisto_out","pit","extend","female",31,"manipulate","D30"
"592","s090-blk-pk-w_male_gonad_m-hatch_kallisto_out","gonad","hatch","male",19,"manipulate","D18"
"593","s090-blk-pk-w_male_hypothalamus_m-hatch_kallisto_out","hypo","hatch","male",19,"manipulate","D18"
"594","s090-blk-pk-w_male_pituitary_m-hatch_kallisto_out","pit","hatch","male",19,"manipulate","D18"
"595","s091-blk-r-g_female_gonad_m-inc-d8_kallisto_out","gonad","inc","female",9,"manipulate","D8"
"596","s091-blk-r-g_female_hypothalamus_m-inc-d8_kallisto_out","hypo","inc","female",9,"manipulate","D8"
"597","s091-blk-r-g_female_pituitary_m-inc-d8_kallisto_out","pit","inc","female",9,"manipulate","D8"
"598","s092-blk-r-o_female_gonad_bldg_kallisto_out","gonad","bldg","female",1,"normal","D0"
"599","s092-blk-r-o_female_hypothalamus_bldg_kallisto_out","hypo","bldg","female",1,"normal","D0"
"600","s092-blk-r-o_female_pituitary_bldg_kallisto_out","pit","bldg","female",1,"normal","D0"
"601","s093-blk-y-d_female_gonad_m-inc-d3_kallisto_out","gonad","inc","female",4,"manipulate","D3"
"602","s093-blk-y-d_female_hypothalamus_m-inc-d3_kallisto_out","hypo","inc","female",4,"manipulate","D3"
"603","s093-blk-y-d_female_pituitary_m-inc-d3_kallisto_out","pit","inc","female",4,"manipulate","D3"
"604","s095-g-blk-o_female_gonad_lay_kallisto_out","gonad","lay","female",2,"normal","D1"
"605","s095-g-blk-o_female_hypothalamus_lay_kallisto_out","hypo","lay","female",2,"normal","D1"
"606","s095-g-blk-o_female_pituitary_lay_kallisto_out","pit","lay","female",2,"normal","D1"
"607","s096-g-blk-pk_male_gonad_m-inc-d17_kallisto_out","gonad","inc","male",18,"manipulate","D17"
"608","s096-g-blk-pk_male_hypothalamus_m-inc-d17_kallisto_out","hypo","inc","male",18,"manipulate","D17"
"609","s096-g-blk-pk_male_pituitary_m-inc-d17_kallisto_out","pit","inc","male",18,"manipulate","D17"
"610","s100-l-pk-blk_female_gonad_m-inc-d17_kallisto_out","gonad","inc","female",18,"manipulate","D17"
"611","s100-l-pk-blk_female_hypothalamus_m-inc-d17_kallisto_out","hypo","inc","female",18,"manipulate","D17"
"612","s100-l-pk-blk_female_pituitary_m-inc-d17_kallisto_out","pit","inc","female",18,"manipulate","D17"
"613","s103-y-pk-blk_female_gonad_m-inc-d3_kallisto_out","gonad","inc","female",4,"manipulate","D3"
"614","s103-y-pk-blk_female_hypothalamus_m-inc-d3_kallisto_out","hypo","inc","female",4,"manipulate","D3"
"615","s103-y-pk-blk_female_pituitary_m-inc-d3_kallisto_out","pit","inc","female",4,"manipulate","D3"
"616","s136-d-w-o_female_gonad_lay_kallisto_out","gonad","lay","female",2,"normal","D1"
"617","s136-d-w-o_female_hypothalamus_lay_kallisto_out","hypo","lay","female",2,"normal","D1"
"618","s136-d-w-o_female_pituitary_lay_kallisto_out","pit","lay","female",2,"normal","D1"
"619","s137-g-blk-y_female_gonad_extend_kallisto_out","gonad","extend","female",31,"manipulate","D30"
"620","s137-g-blk-y_female_hypothalamus_extend_kallisto_out","hypo","extend","female",31,"manipulate","D30"
"621","s137-g-blk-y_female_pituitary_extend_kallisto_out","pit","extend","female",31,"manipulate","D30"
"622","s139-l-blk-w_male_gonad_m-inc-d3_kallisto_out","gonad","inc","male",4,"manipulate","D3"
"623","s139-l-blk-w_male_hypothalamus_m-inc-d3_kallisto_out","hypo","inc","male",4,"manipulate","D3"
"624","s139-l-blk-w_male_pituitary_m-inc-d3_kallisto_out","pit","inc","male",4,"manipulate","D3"
"625","s142-o-pk-pu_female_gonad_lay_kallisto_out","gonad","lay","female",2,"normal","D1"
"626","s142-o-pk-pu_female_hypothalamus_lay_kallisto_out","hypo","lay","female",2,"normal","D1"
"627","s142-o-pk-pu_female_pituitary_lay_kallisto_out","pit","lay","female",2,"normal","D1"
"628","s150-w-g-blk_male_gonad_lay_kallisto_out","gonad","lay","male",2,"normal","D1"
"629","s150-w-g-blk_male_hypothalamus_lay_kallisto_out","hypo","lay","male",2,"normal","D1"
"630","s150-w-g-blk_male_pituitary_lay_kallisto_out","pit","lay","male",2,"normal","D1"
"631","s175-blk-pu-pk_male_gonad_m-inc-d3_kallisto_out","gonad","inc","male",4,"manipulate","D3"
"632","s175-blk-pu-pk_male_hypothalamus_m-inc-d3_kallisto_out","hypo","inc","male",4,"manipulate","D3"
"633","s175-blk-pu-pk_male_pituitary_m-inc-d3_kallisto_out","pit","inc","male",4,"manipulate","D3"
"634","s176-blk-pu-r_female_gonad_lay_kallisto_out","gonad","lay","female",2,"normal","D1"
"635","s176-blk-pu-r_female_hypothalamus_lay_kallisto_out","hypo","lay","female",2,"normal","D1"
"636","s176-blk-pu-r_female_pituitary_lay_kallisto_out","pit","lay","female",2,"normal","D1"
"637","s186-l-o-pk_female_gonad_extend_kallisto_out","gonad","extend","female",31,"manipulate","D30"
"638","s186-l-o-pk_female_hypothalamus_extend_kallisto_out","hypo","extend","female",31,"manipulate","D30"
"639","s186-l-o-pk_female_pituitary_extend_kallisto_out","pit","extend","female",31,"manipulate","D30"
"640","s187-l-o-r_male_gonad_n9_kallisto_out","gonad","nestling9","male",28,"normal","D27"
"641","s187-l-o-r_male_hypothalamus_n9_kallisto_out","hypo","nestling9","male",28,"normal","D27"
"642","s187-l-o-r_male_pituitary_n9_kallisto_out","pit","nestling9","male",28,"normal","D27"
"643","s243-blk-pk-r_male_gonad_lay_kallisto_out","gonad","lay","male",2,"normal","D1"
"644","s243-blk-pk-r_male_hypothalamus_lay_kallisto_out","hypo","lay","male",2,"normal","D1"
"645","s243-blk-pk-r_male_pituitary_lay_kallisto_out","pit","lay","male",2,"normal","D1"
"646","s333-y-blk-pk_female_gonad_m-hatch_kallisto_out","gonad","hatch","female",19,"manipulate","D18"
"647","s333-y-blk-pk_female_hypothalamus_m-hatch_kallisto_out","hypo","hatch","female",19,"manipulate","D18"
"648","s333-y-blk-pk_female_pituitary_m-hatch_kallisto_out","pit","hatch","female",19,"manipulate","D18"
"649","w34-x_male_gonad_inc-d9_kallisto_out","gonad","inc","male",10,"normal","D9"
"650","w34-x_male_hypothalamus_inc-d9_kallisto_out","hypo","inc","male",10,"normal","D9"
"651","w34-x_male_pituitary_inc-d9_kallisto_out","pit","inc","male",10,"normal","D9"
"652","x-blk16_male_gonad_n9.NYNO_kallisto_out","gonad","nestling9","male",28,"normal","D27"
"653","x-blk16_male_hypothalamus_n9.NYNO_kallisto_out","hypo","nestling9","male",28,"normal","D27"
"654","x-blk16_male_pituitary_n9_kallisto_out","pit","nestling9","male",28,"normal","D27"
"655","x-blk20_female_gonad_prolong_kallisto_out","gonad","prolong","female",21,"manipulate","D20"
"656","x-blk20_female_hypothalamus_prolong_kallisto_out","hypo","prolong","female",21,"manipulate","D20"
"657","x-blk20_female_pituitary_prolong_kallisto_out","pit","prolong","female",21,"manipulate","D20"
"658","x-blk23_male_gonad_m-n2_kallisto_out","gonad","mn2","male",22,"normal","D21"
"659","x-blk23_male_hypothalamus_m-n2_kallisto_out","hypo","mn2","male",22,"normal","D21"
"660","x-blk23_male_pituitary_m-n2_kallisto_out","pit","mn2","male",22,"normal","D21"
"661","x-blu101-w43_female_gonad_inc-d9_kallisto_out","gonad","inc","female",10,"normal","D9"
"662","x-blu101-w43_female_hypothalamus_inc-d9_kallisto_out","hypo","inc","female",10,"normal","D9"
"663","x-blu101-w43_female_pituitary_inc-d9_kallisto_out","pit","inc","female",10,"normal","D9"
"664","x-blu102-w105_female_gonad_inc-d3_kallisto_out","gonad","inc","female",4,"normal","D3"
"665","x-blu102-w105_female_hypothalamus_inc-d3_kallisto_out","hypo","inc","female",4,"normal","D3"
"666","x-blu102-w105_female_pituitary_inc-d3_kallisto_out","pit","inc","female",4,"normal","D3"
"667","x-blu106-o153_male_gonad_inc-d9.NYNO_kallisto_out","gonad","inc","male",10,"normal","D9"
"668","x-blu106-o153_male_hypothalamus_inc-d9_kallisto_out","hypo","inc","male",10,"normal","D9"
"669","x-blu106-o153_male_pituitary_inc-d9.NYNO_kallisto_out","pit","inc","male",10,"normal","D9"
"670","x-blu109-w121_female_gonad_n5_kallisto_out","gonad","nestling5","female",24,"normal","D23"
"671","x-blu109-w121_female_hypothalamus_n5_kallisto_out","hypo","nestling5","female",24,"normal","D23"
"672","x-blu109-w121_female_pituitary_n5_kallisto_out","pit","nestling5","female",24,"normal","D23"
"673","x-blu116-w107_female_gonad_inc-d17_kallisto_out","gonad","inc","female",18,"normal","D17"
"674","x-blu116-w107_female_hypothalamus_inc-d17_kallisto_out","hypo","inc","female",18,"normal","D17"
"675","x-blu116-w107_female_pituitary_inc-d17.NYNO_kallisto_out","pit","inc","female",18,"normal","D17"
"676","x-blu117-w89_male_gonad_inc-d17_kallisto_out","gonad","inc","male",18,"normal","D17"
"677","x-blu117-w89_male_hypothalamus_inc-d17_kallisto_out","hypo","inc","male",18,"normal","D17"
"678","x-blu117-w89_male_pituitary_inc-d17_kallisto_out","pit","inc","male",18,"normal","D17"
"679","x-blu122-r66_female_gonad_inc-d9_kallisto_out","gonad","inc","female",10,"normal","D9"
"680","x-blu122-r66_female_hypothalamus_inc-d9_kallisto_out","hypo","inc","female",10,"normal","D9"
"681","x-blu122-r66_female_pituitary_inc-d9_kallisto_out","pit","inc","female",10,"normal","D9"
"682","x-blu23-w14_male_gonad_n9_kallisto_out","gonad","nestling9","male",28,"normal","D27"
"683","x-blu23-w14_male_hypothalamus_n9_kallisto_out","hypo","nestling9","male",28,"normal","D27"
"684","x-blu23-w14_male_pituitary_n9_kallisto_out","pit","nestling9","male",28,"normal","D27"
"685","x-blu25_female_gonad_m-inc-d9_kallisto_out","gonad","inc","female",10,"manipulate","D9"
"686","x-blu25_female_hypothalamus_m-inc-d9_kallisto_out","hypo","inc","female",10,"manipulate","D9"
"687","x-blu25_female_pituitary_m-inc-d9_kallisto_out","pit","inc","female",10,"manipulate","D9"
"688","x-blu30_male_gonad_n5_kallisto_out","gonad","nestling5","male",24,"normal","D23"
"689","x-blu30_male_hypothalamus_n5_kallisto_out","hypo","nestling5","male",24,"normal","D23"
"690","x-blu30_male_pituitary_n5_kallisto_out","pit","nestling5","male",24,"normal","D23"
"691","x-blu42-o28_male_gonad_inc-d3_kallisto_out","gonad","inc","male",4,"normal","D3"
"692","x-blu42-o28_male_hypothalamus_inc-d3.NYNO_kallisto_out","hypo","inc","male",4,"normal","D3"
"693","x-blu42-o28_male_pituitary_inc-d3_kallisto_out","pit","inc","male",4,"normal","D3"
"694","x-blu43-g132_female_gonad_n9_kallisto_out","gonad","nestling9","female",28,"normal","D27"
"695","x-blu43-g132_female_hypothalamus_n9_kallisto_out","hypo","nestling9","female",28,"normal","D27"
"696","x-blu43-g132_female_pituitary_n9_kallisto_out","pit","nestling9","female",28,"normal","D27"
"697","x-blu57_male_gonad_prolong_kallisto_out","gonad","prolong","male",21,"manipulate","D20"
"698","x-blu57_male_hypothalamus_prolong_kallisto_out","hypo","prolong","male",21,"manipulate","D20"
"699","x-blu57_male_pituitary_prolong_kallisto_out","pit","prolong","male",21,"manipulate","D20"
"700","x-blu6-y80_female_gonad_lay_kallisto_out","gonad","lay","female",2,"normal","D1"
"701","x-blu6-y80_female_hypothalamus_lay_kallisto_out","hypo","lay","female",2,"normal","D1"
"702","x-blu6-y80_female_pituitary_lay_kallisto_out","pit","lay","female",2,"normal","D1"
"703","x-blu69_male_gonad_extend_kallisto_out","gonad","extend","male",31,"manipulate","D30"
"704","x-blu69_male_hypothalamus_extend_kallisto_out","hypo","extend","male",31,"manipulate","D30"
"705","x-blu69_male_pituitary_extend_kallisto_out","pit","extend","male",31,"manipulate","D30"
"706","x-blu73_male_gonad_extend_kallisto_out","gonad","extend","male",31,"manipulate","D30"
"707","x-blu73_male_hypothalamus_extend_kallisto_out","hypo","extend","male",31,"manipulate","D30"
"708","x-blu73_male_pituitary_extend_kallisto_out","pit","extend","male",31,"manipulate","D30"
"709","x-blu76_male_gonad_m-hatch_kallisto_out","gonad","hatch","male",19,"manipulate","D18"
"710","x-blu76_male_hypothalamus_m-hatch_kallisto_out","hypo","hatch","male",19,"manipulate","D18"
"711","x-blu76_male_pituitary_m-hatch_kallisto_out","pit","hatch","male",19,"manipulate","D18"
"712","x-blu94_female_gonad_m-inc-d17_kallisto_out","gonad","inc","female",18,"manipulate","D17"
"713","x-blu94_female_hypothalamus_m-inc-d17_kallisto_out","hypo","inc","female",18,"manipulate","D17"
"714","x-blu94_female_pituitary_m-inc-d17_kallisto_out","pit","inc","female",18,"manipulate","D17"
"715","x-blu96_female_gonad_m-n2_kallisto_out","gonad","mn2","female",22,"normal","D21"
"716","x-blu96_female_hypothalamus_m-n2_kallisto_out","hypo","mn2","female",22,"normal","D21"
"717","x-blu96_female_pituitary_m-n2_kallisto_out","pit","mn2","female",22,"normal","D21"
"718","x-g13-w109_male_gonad_inc-d9_kallisto_out","gonad","inc","male",10,"normal","D9"
"719","x-g13-w109_male_hypothalamus_inc-d9_kallisto_out","hypo","inc","male",10,"normal","D9"
"720","x-g13-w109_male_pituitary_inc-d9_kallisto_out","pit","inc","male",10,"normal","D9"
"721","x-g14-w199_male_gonad_inc-d17_kallisto_out","gonad","inc","male",18,"normal","D17"
"722","x-g14-w199_male_hypothalamus_inc-d17_kallisto_out","hypo","inc","male",18,"normal","D17"
"723","x-g14-w199_male_pituitary_inc-d17_kallisto_out","pit","inc","male",18,"normal","D17"
"724","x-g147-blu28_male_gonad_inc-d3_kallisto_out","gonad","inc","male",4,"normal","D3"
"725","x-g147-blu28_male_hypothalamus_inc-d3_kallisto_out","hypo","inc","male",4,"normal","D3"
"726","x-g147-blu28_male_pituitary_inc-d3_kallisto_out","pit","inc","male",4,"normal","D3"
"727","x-g26_female_gonad_m-inc-d8_kallisto_out","gonad","inc","female",9,"manipulate","D8"
"728","x-g26_female_hypothalamus_m-inc-d8_kallisto_out","hypo","inc","female",9,"manipulate","D8"
"729","x-g26_female_pituitary_m-inc-d8_kallisto_out","pit","inc","female",9,"manipulate","D8"
"730","x-g37_female_gonad_n5_kallisto_out","gonad","nestling5","female",24,"normal","D23"
"731","x-g37_female_hypothalamus_n5_kallisto_out","hypo","nestling5","female",24,"normal","D23"
"732","x-g37_female_pituitary_n5_kallisto_out","pit","nestling5","female",24,"normal","D23"
"733","x-g4-w50_female_gonad_n9_kallisto_out","gonad","nestling9","female",28,"normal","D27"
"734","x-g4-w50_female_hypothalamus_n9_kallisto_out","hypo","nestling9","female",28,"normal","D27"
"735","x-g4-w50_female_pituitary_n9_kallisto_out","pit","nestling9","female",28,"normal","D27"
"736","x-g43_female_gonad_n5_kallisto_out","gonad","nestling5","female",24,"normal","D23"
"737","x-g43_female_hypothalamus_n5_kallisto_out","hypo","nestling5","female",24,"normal","D23"
"738","x-g43_female_pituitary_n5_kallisto_out","pit","nestling5","female",24,"normal","D23"
"739","x-g49_female_gonad_n5_kallisto_out","gonad","nestling5","female",24,"normal","D23"
"740","x-g49_female_hypothalamus_n5_kallisto_out","hypo","nestling5","female",24,"normal","D23"
"741","x-g49_female_pituitary_n5.NYNO_kallisto_out","pit","nestling5","female",24,"normal","D23"
"742","x-g5-w79_male_gonad_m-inc-d3_kallisto_out","gonad","inc","male",4,"manipulate","D3"
"743","x-g5-w79_male_hypothalamus_m-inc-d3_kallisto_out","hypo","inc","male",4,"manipulate","D3"
"744","x-g5-w79_male_pituitary_m-inc-d3_kallisto_out","pit","inc","male",4,"manipulate","D3"
"745","x-g50_female_gonad_inc-prolong_kallisto_out","gonad","inc","female",21,"manipulate","D20"
"746","x-g50_female_hypothalamus_inc-prolong_kallisto_out","hypo","inc","female",21,"manipulate","D20"
"747","x-g50_female_pituitary_inc-prolong_kallisto_out","pit","inc","female",21,"manipulate","D20"
"748","x-g70_male_gonad_hatch_kallisto_out","gonad","hatch","male",19,"normal","D18"
"749","x-g70_male_hypothalamus_hatch_kallisto_out","hypo","hatch","male",19,"normal","D18"
"750","x-g70_male_pituitary_hatch_kallisto_out","pit","hatch","male",19,"normal","D18"
"751","x-g9-o166_female_gonad_inc-d9.NYNO_kallisto_out","gonad","inc","female",10,"normal","D9"
"752","x-g9-o166_female_hypothalamus_inc-d9_kallisto_out","hypo","inc","female",10,"normal","D9"
"753","x-g9-o166_female_pituitary_inc-d9.NYNO_kallisto_out","pit","inc","female",10,"normal","D9"
"754","x-o117_male_gonad_m-inc-d9_kallisto_out","gonad","inc","male",10,"manipulate","D9"
"755","x-o117_male_hypothalamus_m-inc-d9_kallisto_out","hypo","inc","male",10,"manipulate","D9"
"756","x-o117_male_pituitary_m-inc-d9_kallisto_out","pit","inc","male",10,"manipulate","D9"
"757","x-o159-w90_female_gonad_inc-d17_kallisto_out","gonad","inc","female",18,"normal","D17"
"758","x-o159-w90_female_hypothalamus_inc-d17_kallisto_out","hypo","inc","female",18,"normal","D17"
"759","x-o159-w90_female_pituitary_inc-d17_kallisto_out","pit","inc","female",18,"normal","D17"
"760","x-o160-w102_male_gonad_hatch_kallisto_out","gonad","hatch","male",19,"normal","D18"
"761","x-o160-w102_male_hypothalamus_hatch_kallisto_out","hypo","hatch","male",19,"normal","D18"
"762","x-o160-w102_male_pituitary_hatch_kallisto_out","pit","hatch","male",19,"normal","D18"
"763","x-o163-w101_male_gonad_inc-d3_kallisto_out","gonad","inc","male",4,"normal","D3"
"764","x-o163-w101_male_hypothalamus_inc-d3_kallisto_out","hypo","inc","male",4,"normal","D3"
"765","x-o163-w101_male_pituitary_inc-d3.NYNO_kallisto_out","pit","inc","male",4,"normal","D3"
"766","x-o164-w123_male_gonad_n5_kallisto_out","gonad","nestling5","male",24,"normal","D23"
"767","x-o164-w123_male_hypothalamus_n5_kallisto_out","hypo","nestling5","male",24,"normal","D23"
"768","x-o164-w123_male_pituitary_n5.NYNO_kallisto_out","pit","nestling5","male",24,"normal","D23"
"769","x-o171-w45_female_gonad_m-hatch_kallisto_out","gonad","hatch","female",19,"manipulate","D18"
"770","x-o171-w45_female_hypothalamus_m-hatch_kallisto_out","hypo","hatch","female",19,"manipulate","D18"
"771","x-o171-w45_female_pituitary_m-hatch_kallisto_out","pit","hatch","female",19,"manipulate","D18"
"772","x-o175-g21_female_gonad_n5_kallisto_out","gonad","nestling5","female",24,"normal","D23"
"773","x-o175-g21_female_hypothalamus_n5_kallisto_out","hypo","nestling5","female",24,"normal","D23"
"774","x-o175-g21_female_pituitary_n5_kallisto_out","pit","nestling5","female",24,"normal","D23"
"775","x-o2_male_gonad_n9_kallisto_out","gonad","nestling9","male",28,"normal","D27"
"776","x-o2_male_hypothalamus_n9_kallisto_out","hypo","nestling9","male",28,"normal","D27"
"777","x-o2_male_pituitary_n9_kallisto_out","pit","nestling9","male",28,"normal","D27"
"778","x-o30-g134_male_gonad_bldg_kallisto_out","gonad","bldg","male",1,"normal","D0"
"779","x-o30-g134_male_hypothalamus_bldg_kallisto_out","hypo","bldg","male",1,"normal","D0"
"780","x-o30-g134_male_pituitary_bldg_kallisto_out","pit","bldg","male",1,"normal","D0"
"781","x-o37-blu50_female_gonad_hatch_kallisto_out","gonad","hatch","female",19,"normal","D18"
"782","x-o37-blu50_female_hypothalamus_hatch.NYNO_kallisto_out","hypo","hatch","female",19,"normal","D18"
"783","x-o37-blu50_female_pituitary_hatch_kallisto_out","pit","hatch","female",19,"normal","D18"
"784","x-o40-r70_male_gonad_m-inc-d17_kallisto_out","gonad","inc","male",18,"manipulate","D17"
"785","x-o40-r70_male_hypothalamus_m-inc-d17_kallisto_out","hypo","inc","male",18,"manipulate","D17"
"786","x-o40-r70_male_pituitary_m-inc-d17_kallisto_out","pit","inc","male",18,"manipulate","D17"
"787","x-o47-y82_male_gonad_inc-d9_kallisto_out","gonad","inc","male",10,"normal","D9"
"788","x-o47-y82_male_hypothalamus_inc-d9_kallisto_out","hypo","inc","male",10,"normal","D9"
"789","x-o47-y82_male_pituitary_inc-d9_kallisto_out","pit","inc","male",10,"normal","D9"
"790","x-o4_male_gonad_m-hatch_kallisto_out","gonad","hatch","male",19,"manipulate","D18"
"791","x-o4_male_hypothalamus_m-hatch_kallisto_out","hypo","hatch","male",19,"manipulate","D18"
"792","x-o4_male_pituitary_m-hatch_kallisto_out","pit","hatch","male",19,"manipulate","D18"
"793","x-o61_female_gonad_extend-hatch_kallisto_out","gonad","extend","female",31,"manipulate","D30"
"794","x-o61_female_hypothalamus_extend-hatch_kallisto_out","hypo","extend","female",31,"manipulate","D30"
"795","x-o61_female_pituitary_extend-hatch_kallisto_out","pit","extend","female",31,"manipulate","D30"
"796","x-o68_male_gonad_n5_kallisto_out","gonad","nestling5","male",24,"normal","D23"
"797","x-o68_male_hypothalamus_n5_kallisto_out","hypo","nestling5","male",24,"normal","D23"
"798","x-o68_male_pituitary_n5_kallisto_out","pit","nestling5","male",24,"normal","D23"
"799","x-o70_female_gonad_n5_kallisto_out","gonad","nestling5","female",24,"normal","D23"
"800","x-o70_female_hypothalamus_n5.NYNO_kallisto_out","hypo","nestling5","female",24,"normal","D23"
"801","x-o70_female_pituitary_n5_kallisto_out","pit","nestling5","female",24,"normal","D23"
"802","x-r10-w18_male_gonad_m-inc-d17_kallisto_out","gonad","inc","male",18,"manipulate","D17"
"803","x-r10-w18_male_hypothalamus_m-inc-d17_kallisto_out","hypo","inc","male",18,"manipulate","D17"
"804","x-r10-w18_male_pituitary_m-inc-d17_kallisto_out","pit","inc","male",18,"manipulate","D17"
"805","x-r178_male_gonad_hatch_kallisto_out","gonad","hatch","male",19,"normal","D18"
"806","x-r178_male_hypothalamus_hatch_kallisto_out","hypo","hatch","male",19,"normal","D18"
"807","x-r178_male_pituitary_hatch_kallisto_out","pit","hatch","male",19,"normal","D18"
"808","x-r180_female_gonad_m-inc-d3_kallisto_out","gonad","inc","female",4,"manipulate","D3"
"809","x-r180_female_hypothalamus_m-inc-d3_kallisto_out","hypo","inc","female",4,"manipulate","D3"
"810","x-r180_female_pituitary_m-inc-d3_kallisto_out","pit","inc","female",4,"manipulate","D3"
"811","x-r181_male_gonad_n5_kallisto_out","gonad","nestling5","male",24,"normal","D23"
"812","x-r181_male_hypothalamus_n5_kallisto_out","hypo","nestling5","male",24,"normal","D23"
"813","x-r181_male_pituitary_n5_kallisto_out","pit","nestling5","male",24,"normal","D23"
"814","x-r185_male_gonad_m-inc-d3_kallisto_out","gonad","inc","male",4,"manipulate","D3"
"815","x-r185_male_hypothalamus_m-inc-d3_kallisto_out","hypo","inc","male",4,"manipulate","D3"
"816","x-r185_male_pituitary_m-inc-d3_kallisto_out","pit","inc","male",4,"manipulate","D3"
"817","x-r29-w96_male_gonad_inc-d17_kallisto_out","gonad","inc","male",18,"normal","D17"
"818","x-r29-w96_male_hypothalamus_inc-d17_kallisto_out","hypo","inc","male",18,"normal","D17"
"819","x-r29-w96_male_pituitary_inc-d17_kallisto_out","pit","inc","male",18,"normal","D17"
"820","x-r33-w183_female_gonad_inc-d3_kallisto_out","gonad","inc","female",4,"normal","D3"
"821","x-r33-w183_female_hypothalamus_inc-d3_kallisto_out","hypo","inc","female",4,"normal","D3"
"822","x-r33-w183_female_pituitary_inc-d3_kallisto_out","pit","inc","female",4,"normal","D3"
"823","x-r39-g10_female_gonad_bldg_kallisto_out","gonad","bldg","female",1,"normal","D0"
"824","x-r39-g10_female_hypothalamus_bldg_kallisto_out","hypo","bldg","female",1,"normal","D0"
"825","x-r39-g10_female_pituitary_bldg_kallisto_out","pit","bldg","female",1,"normal","D0"
"826","x-r44-w95_female_gonad_hatch_kallisto_out","gonad","hatch","female",19,"normal","D18"
"827","x-r44-w95_female_hypothalamus_hatch_kallisto_out","hypo","hatch","female",19,"normal","D18"
"828","x-r44-w95_female_pituitary_hatch_kallisto_out","pit","hatch","female",19,"normal","D18"
"829","x-r48-y139_female_gonad_inc-d17_kallisto_out","gonad","inc","female",18,"normal","D17"
"830","x-r48-y139_female_hypothalamus_inc-d17_kallisto_out","hypo","inc","female",18,"normal","D17"
"831","x-r48-y139_female_pituitary_inc-d17.NYNO_kallisto_out","pit","inc","female",18,"normal","D17"
"832","x-r50-w97_female_gonad_n5_kallisto_out","gonad","nestling5","female",24,"normal","D23"
"833","x-r50-w97_female_hypothalamus_n5_kallisto_out","hypo","nestling5","female",24,"normal","D23"
"834","x-r50-w97_female_pituitary_n5_kallisto_out","pit","nestling5","female",24,"normal","D23"
"835","x-r64-g140_male_gonad_inc-d3_kallisto_out","gonad","inc","male",4,"normal","D3"
"836","x-r64-g140_male_hypothalamus_inc-d3_kallisto_out","hypo","inc","male",4,"normal","D3"
"837","x-r64-g140_male_pituitary_inc-d3_kallisto_out","pit","inc","male",4,"normal","D3"
"838","x-r67-blu35_male_gonad_bldg_kallisto_out","gonad","bldg","male",1,"normal","D0"
"839","x-r67-blu35_male_hypothalamus_bldg_kallisto_out","hypo","bldg","male",1,"normal","D0"
"840","x-r67-blu35_male_pituitary_bldg.NYNO_kallisto_out","pit","bldg","male",1,"normal","D0"
"841","x-r74-o29_female_gonad_m-hatch_kallisto_out","gonad","hatch","female",19,"manipulate","D18"
"842","x-r74-o29_female_hypothalamus_m-hatch_kallisto_out","hypo","hatch","female",19,"manipulate","D18"
"843","x-r74-o29_female_pituitary_m-hatch_kallisto_out","pit","hatch","female",19,"manipulate","D18"
"844","x-r76_female_gonad_m-inc-d9_kallisto_out","gonad","inc","female",10,"manipulate","D9"
"845","x-r76_female_hypothalamus_m-inc-d9_kallisto_out","hypo","inc","female",10,"manipulate","D9"
"846","x-r76_female_pituitary_m-inc-d9_kallisto_out","pit","inc","female",10,"manipulate","D9"
"847","x-s188_female_gonad_m-inc-d8_kallisto_out","gonad","inc","female",9,"manipulate","D8"
"848","x-s188_female_hypothalamus_m-inc-d8_kallisto_out","hypo","inc","female",9,"manipulate","D8"
"849","x-s188_female_pituitary_m-inc-d8_kallisto_out","pit","inc","female",9,"manipulate","D8"
"850","x-w178_female_gonad_n9_kallisto_out","gonad","nestling9","female",28,"normal","D27"
"851","x-w178_female_hypothalamus_n9_kallisto_out","hypo","nestling9","female",28,"normal","D27"
"852","x-w178_female_pituitary_n9_kallisto_out","pit","nestling9","female",28,"normal","D27"
"853","x-w192-o157_male_gonad_inc-d9_kallisto_out","gonad","inc","male",10,"normal","D9"
"854","x-w192-o157_male_hypothalamus_inc-d9_kallisto_out","hypo","inc","male",10,"normal","D9"
"855","x-w192-o157_male_pituitary_inc-d9_kallisto_out","pit","inc","male",10,"normal","D9"
"856","x-w51_female_gonad_lay_kallisto_out","gonad","lay","female",2,"normal","D1"
"857","x-w51_female_hypothalamus_lay_kallisto_out","hypo","lay","female",2,"normal","D1"
"858","x-w51_female_pituitary_lay_kallisto_out","pit","lay","female",2,"normal","D1"
"859","x-w6_female_gonad_n9_kallisto_out","gonad","nestling9","female",28,"normal","D27"
"860","x-w6_female_hypothalamus_n9_kallisto_out","hypo","nestling9","female",28,"normal","D27"
"861","x-w6_female_pituitary_n9_kallisto_out","pit","nestling9","female",28,"normal","D27"
"862","x-y109_female_gonad_inc-d9_kallisto_out","gonad","inc","female",10,"normal","D9"
"863","x-y109_female_hypothalamus_inc-d9_kallisto_out","hypo","inc","female",10,"normal","D9"
"864","x-y109_female_pituitary_inc-d9_kallisto_out","pit","inc","female",10,"normal","D9"
"865","x-y119-w11_female_gonad_m-inc-d17_kallisto_out","gonad","inc","female",18,"manipulate","D17"
"866","x-y119-w11_female_hypothalamus_m-inc-d17_kallisto_out","hypo","inc","female",18,"manipulate","D17"
"867","x-y119-w11_female_pituitary_m-inc-d17_kallisto_out","pit","inc","female",18,"manipulate","D17"
"868","x-y132-w76_male_gonad_inc-d17_kallisto_out","gonad","inc","male",18,"normal","D17"
"869","x-y132-w76_male_hypothalamus_inc-d17_kallisto_out","hypo","inc","male",18,"normal","D17"
"870","x-y132-w76_male_pituitary_inc-d17_kallisto_out","pit","inc","male",18,"normal","D17"
"871","x-y138-w176_female_gonad_n9_kallisto_out","gonad","nestling9","female",28,"normal","D27"
"872","x-y138-w176_female_hypothalamus_n9_kallisto_out","hypo","nestling9","female",28,"normal","D27"
"873","x-y138-w176_female_pituitary_n9_kallisto_out","pit","nestling9","female",28,"normal","D27"
"874","x-y141-w116_male_gonad_inc-d9_kallisto_out","gonad","inc","male",10,"normal","D9"
"875","x-y141-w116_male_hypothalamus_inc-d9_kallisto_out","hypo","inc","male",10,"normal","D9"
"876","x-y141-w116_male_pituitary_inc-d9_kallisto_out","pit","inc","male",10,"normal","D9"
"877","x-y145-r55_female_gonad_inc-prolong_kallisto_out","gonad","inc","female",21,"manipulate","D20"
"878","x-y145-r55_female_hypothalamus_inc-prolong_kallisto_out","hypo","inc","female",21,"manipulate","D20"
"879","x-y145-r55_female_pituitary_inc-prolong_kallisto_out","pit","inc","female",21,"manipulate","D20"
"880","x-y51_male_gonad_m-inc-d8_kallisto_out","gonad","inc","male",9,"manipulate","D8"
"881","x-y51_male_hypothalamus_m-inc-d8_kallisto_out","hypo","inc","male",9,"manipulate","D8"
"882","x-y51_male_pituitary_m-inc-d8_kallisto_out","pit","inc","male",9,"manipulate","D8"
"883","x-y5_female_gonad_m-inc-d8_kallisto_out","gonad","inc","female",9,"manipulate","D8"
"884","x-y5_female_hypothalamus_m-inc-d8_kallisto_out","hypo","inc","female",9,"manipulate","D8"
"885","x-y5_female_pituitary_m-inc-d8_kallisto_out","pit","inc","female",9,"manipulate","D8"
"886","x-y64_female_gonad_extend_kallisto_out","gonad","extend","female",31,"manipulate","D30"
"887","x-y64_female_hypothalamus_extend_kallisto_out","hypo","extend","female",31,"manipulate","D30"
"888","x-y64_female_pituitary_extend_kallisto_out","pit","extend","female",31,"manipulate","D30"
"889","x-y79_male_gonad_prolong_kallisto_out","gonad","prolong","male",21,"manipulate","D20"
"890","x-y79_male_hypothalamus_prolong_kallisto_out","hypo","prolong","male",21,"manipulate","D20"
"891","x-y79_male_pituitary_prolong_kallisto_out","pit","prolong","male",21,"manipulate","D20"
"892","x-y90_female_gonad_hatch_kallisto_out","gonad","hatch","female",19,"normal","D18"
"893","x-y90_female_hypothalamus_hatch_kallisto_out","hypo","hatch","female",19,"normal","D18"
"894","x-y90_female_pituitary_hatch_kallisto_out","pit","hatch","female",19,"normal","D18"
"895","x-y93-g126_female_gonad_inc-d9_kallisto_out","gonad","inc","female",10,"normal","D9"
"896","x-y93-g126_female_hypothalamus_inc-d9_kallisto_out","hypo","inc","female",10,"normal","D9"
"897","x-y93-g126_female_pituitary_inc-d9_kallisto_out","pit","inc","female",10,"normal","D9"
"898","x-y9_female_gonad_n9_kallisto_out","gonad","nestling9","female",28,"normal","D27"
"899","x-y9_female_hypothalamus_n9_kallisto_out","hypo","nestling9","female",28,"normal","D27"
"900","x-y9_female_pituitary_n9_kallisto_out","pit","nestling9","female",28,"normal","D27"
"901","y-s156-o-r_female_gonad_lay_kallisto_out","gonad","lay","female",2,"normal","D1"
"902","y-s156-o-r_female_hypothalamus_lay_kallisto_out","hypo","lay","female",2,"normal","D1"
"903","y-s156-o-r_female_pituitary_lay_kallisto_out","pit","lay","female",2,"normal","D1"
"904","y-w-blk_male_gonad_m-inc-d9_kallisto_out","gonad","inc","male",10,"manipulate","D9"
"905","y-w-blk_male_hypothalamus_m-inc-d9_kallisto_out","hypo","inc","male",10,"manipulate","D9"
"906","y-w-blk_male_pituitary_m-inc-d9_kallisto_out","pit","inc","male",10,"manipulate","D9"
"907","y12-x_female_gonad_m-inc-d9_kallisto_out","gonad","inc","female",10,"manipulate","D9"
"908","y12-x_female_hypothalamus_m-inc-d9_kallisto_out","hypo","inc","female",10,"manipulate","D9"
"909","y12-x_female_pituitary_m-inc-d9_kallisto_out","pit","inc","female",10,"manipulate","D9"
"910","y126-w92-x_female_gonad_inc-d17_kallisto_out","gonad","inc","female",18,"normal","D17"
"911","y126-w92-x_female_hypothalamus_inc-d17_kallisto_out","hypo","inc","female",18,"normal","D17"
"912","y126-w92-x_female_pituitary_inc-d17_kallisto_out","pit","inc","female",18,"normal","D17"
"913","y128-g23-x_female_gonad_inc-d9_kallisto_out","gonad","inc","female",10,"normal","D9"
"914","y128-g23-x_female_hypothalamus_m-inc-d9_kallisto_out","hypo","inc","female",10,"manipulate","D9"
"915","y128-g23-x_female_pituitary_inc-d9_kallisto_out","pit","inc","female",10,"normal","D9"
"916","y129-x_male_gonad_n9_kallisto_out","gonad","nestling9","male",28,"normal","D27"
"917","y129-x_male_hypothalamus_n9_kallisto_out","hypo","nestling9","male",28,"normal","D27"
"918","y129-x_male_pituitary_n9_kallisto_out","pit","nestling9","male",28,"normal","D27"
"919","y13-x_female_gonad_inc-d3_kallisto_out","gonad","inc","female",4,"normal","D3"
"920","y13-x_female_hypothalamus_inc-d3_kallisto_out","hypo","inc","female",4,"normal","D3"
"921","y13-x_female_pituitary_inc-d3_kallisto_out","pit","inc","female",4,"normal","D3"
"922","y130-o170-x_female_gonad_inc-d17_kallisto_out","gonad","inc","female",18,"normal","D17"
"923","y130-o170-x_female_hypothalamus_inc-d17_kallisto_out","hypo","inc","female",18,"normal","D17"
"924","y130-o170-x_female_pituitary_inc-d17_kallisto_out","pit","inc","female",18,"normal","D17"
"925","y131-w185-x_male_gonad_n9_kallisto_out","gonad","nestling9","male",28,"normal","D27"
"926","y131-w185-x_male_hypothalamus_n9_kallisto_out","hypo","nestling9","male",28,"normal","D27"
"927","y131-w185-x_male_pituitary_n9_kallisto_out","pit","nestling9","male",28,"normal","D27"
"928","y133-w77-r58_male_gonad_inc-d17_kallisto_out","gonad","inc","male",18,"normal","D17"
"929","y133-w77-r58_male_hypothalamus_inc-d17_kallisto_out","hypo","inc","male",18,"normal","D17"
"930","y133-w77-r58_male_pituitary_inc-d17_kallisto_out","pit","inc","male",18,"normal","D17"
"931","y135-blu107-x_female_gonad_inc-d17_kallisto_out","gonad","inc","female",18,"normal","D17"
"932","y135-blu107-x_female_hypothalamus_inc-d17_kallisto_out","hypo","inc","female",18,"normal","D17"
"933","y135-blu107-x_female_pituitary_inc-d17.NYNO_kallisto_out","pit","inc","female",18,"normal","D17"
"934","y136-x_female_gonad_inc-d17_kallisto_out","gonad","inc","female",18,"normal","D17"
"935","y136-x_female_hypothalamus_inc-d17_kallisto_out","hypo","inc","female",18,"normal","D17"
"936","y136-x_female_pituitary_inc-d17_kallisto_out","pit","inc","female",18,"normal","D17"
"937","y140-w119-x_female_gonad_inc-d9_kallisto_out","gonad","inc","female",10,"normal","D9"
"938","y140-w119-x_female_hypothalamus_inc-d9_kallisto_out","hypo","inc","female",10,"normal","D9"
"939","y140-w119-x_female_pituitary_inc-d9_kallisto_out","pit","inc","female",10,"normal","D9"
"940","y146-r32-x_female_gonad_inc-prolong_kallisto_out","gonad","inc","female",21,"manipulate","D20"
"941","y146-r32-x_female_hypothalamus_inc-prolong_kallisto_out","hypo","inc","female",21,"manipulate","D20"
"942","y146-r32-x_female_pituitary_inc-prolong_kallisto_out","pit","inc","female",21,"manipulate","D20"
"943","y148-w81-g145_male_gonad_m-inc-d17_kallisto_out","gonad","inc","male",18,"manipulate","D17"
"944","y148-w81-g145_male_hypothalamus_m-inc-d17_kallisto_out","hypo","inc","male",18,"manipulate","D17"
"945","y148-w81-g145_male_pituitary_m-inc-d17_kallisto_out","pit","inc","male",18,"manipulate","D17"
"946","y149-r52-x_male_gonad_inc-d3_kallisto_out","gonad","inc","male",4,"normal","D3"
"947","y149-r52-x_male_hypothalamus_inc-d3_kallisto_out","hypo","inc","male",4,"normal","D3"
"948","y149-r52-x_male_pituitary_inc-d3_kallisto_out","pit","inc","male",4,"normal","D3"
"949","y15-x_female_gonad_hatch_kallisto_out","gonad","hatch","female",19,"normal","D18"
"950","y15-x_female_hypothalamus_hatch_kallisto_out","hypo","hatch","female",19,"normal","D18"
"951","y15-x_female_pituitary_hatch_kallisto_out","pit","hatch","female",19,"normal","D18"
"952","y18-x_male_gonad_m-inc-d3_kallisto_out","gonad","inc","male",4,"manipulate","D3"
"953","y18-x_male_hypothalamus_m-inc-d3_kallisto_out","hypo","inc","male",4,"manipulate","D3"
"954","y18-x_male_pituitary_m-inc-d3_kallisto_out","pit","inc","male",4,"manipulate","D3"
"955","y4-x_male_gonad_m-inc-d17_kallisto_out","gonad","inc","male",18,"manipulate","D17"
"956","y4-x_male_hypothalamus_m-inc-d17_kallisto_out","hypo","inc","male",18,"manipulate","D17"
"957","y4-x_male_pituitary_m-inc-d17_kallisto_out","pit","inc","male",18,"manipulate","D17"
"958","y55-x_male_gonad_m-inc-d8_kallisto_out","gonad","inc","male",9,"manipulate","D8"
"959","y55-x_male_hypothalamus_m-inc-d8_kallisto_out","hypo","inc","male",9,"manipulate","D8"
"960","y55-x_male_pituitary_m-inc-d8_kallisto_out","pit","inc","male",9,"manipulate","D8"
"961","y6-o54_female_gonad_n5_kallisto_out","gonad","nestling5","female",24,"normal","D23"
"962","y6-o54_female_hypothalamus_n5_kallisto_out","hypo","nestling5","female",24,"normal","D23"
"963","y6-o54_female_pituitary_n5_kallisto_out","pit","nestling5","female",24,"normal","D23"
"964","y63-x_male_gonad_m-inc-d9_kallisto_out","gonad","inc","male",10,"manipulate","D9"
"965","y63-x_male_hypothalamus_m-inc-d9_kallisto_out","hypo","inc","male",10,"manipulate","D9"
"966","y63-x_male_pituitary_m-inc-d9_kallisto_out","pit","inc","male",10,"manipulate","D9"
"967","y7-g58_female_gonad_hatch_kallisto_out","gonad","hatch","female",19,"normal","D18"
"968","y7-g58_female_hypothalamus_hatch_kallisto_out","hypo","hatch","female",19,"normal","D18"
"969","y7-g58_female_pituitary_hatch_kallisto_out","pit","hatch","female",19,"normal","D18"
"970","y85-r71-x_female_gonad_m-inc-d17_kallisto_out","gonad","inc","female",18,"manipulate","D17"
"971","y85-r71-x_female_hypothalamus_m-inc-d17_kallisto_out","hypo","inc","female",18,"manipulate","D17"
"972","y85-r71-x_female_pituitary_m-inc-d17_kallisto_out","pit","inc","female",18,"manipulate","D17"
"973","y94-g133-x_female_gonad_n5_kallisto_out","gonad","nestling5","female",24,"normal","D23"
"974","y94-g133-x_female_hypothalamus_n5.NYNO_kallisto_out","hypo","nestling5","female",24,"normal","D23"
"975","y94-g133-x_female_pituitary_n5_kallisto_out","pit","nestling5","female",24,"normal","D23"
"976","y95-g131-x_male_gonad_inc-d9_kallisto_out","gonad","inc","male",10,"normal","D9"
"977","y95-g131-x_male_hypothalamus_inc-d9_kallisto_out","hypo","inc","male",10,"normal","D9"
"978","y95-g131-x_male_pituitary_inc-d9_kallisto_out","pit","inc","male",10,"normal","D9"
"979","y97-x_female_gonad_n9_kallisto_out","gonad","nestling9","female",28,"normal","D27"
"980","y97-x_female_hypothalamus_n9_kallisto_out","hypo","nestling9","female",28,"normal","D27"
"981","y97-x_female_pituitary_n9_kallisto_out","pit","nestling9","female",28,"normal","D27"
"982","y98-g54_female_gonad_m-hatch_kallisto_out","gonad","hatch","female",19,"manipulate","D18"
"983","y98-g54_female_hypothalamus_m-hatch_kallisto_out","hypo","hatch","female",19,"manipulate","D18"
"984","y98-g54_female_pituitary_m-hatch_kallisto_out","pit","hatch","female",19,"manipulate","D18"
"985","y98-o50-x_male_gonad_inc-d3_kallisto_out","gonad","inc","male",4,"normal","D3"
"986","y98-o50-x_male_hypothalamus_inc-d3_kallisto_out","hypo","inc","male",4,"normal","D3"
"987","y98-o50-x_male_pituitary_inc-d3_kallisto_out","pit","inc","male",4,"normal","D3"
